User_ID,U001,U002,U003,U004,U005,U006,U007,U008,U009,U010,U011,U012,U013,U014,U015,U016,U017,U018,U019,U020,U021,U022,U023,U024,U025,U026,U027,U028,U029,U030,U031,U032,U033,U034,U035,U036,U037,U038,U039,U040,U041,U042,U043,U044,U045,U046,U047,U048,U049,U050,U051,U052,U053,U054,U055,U056,U057,U058,U059,U060,U061,U062,U063,U064,U065,U066,U067,U068,U069,U070,U071,U072,U073,U074,U075,U076,U077,U078,U079,U080,U081,U082,U083,U084,U085,U086,U087,U088,U089,U090,U091,U092,U093,U094,U095,U096,U097,U098,U099,U100
U001,1.0000000000000002,0.4869938625292588,0.19698709235357725,0.12784836977647757,0.08850564958116773,0.27504414579454084,0.17838354689659985,0.10536921982126747,0.05559013530655331,0.054749547683167574,0.11230336351976775,0.11941954106055985,0.1250117693514572,0.19002542066964098,0.0968855871791122,0.1762333615025068,0.1400780416074389,0.19096915346774232,0.057894268349134456,0.2708395677482578,0.09121939385362722,0.02381534979164995,0.16152993615587863,0.18564414436398374,0.08586400308724226,0.13440663453886012,0.05474930601109798,0.07876669172228212,0.0364846354325616,0.13416501987724516,0.10945481875510066,0.19484932582025222,0.11857967150240348,0.16678158329740475,0.098791290832395,0.5080962135693334,0.22156882269001177,0.2987242773267506,0.02526895884411452,0.06544988303249735,0.2531469378204014,0.1256511660603904,0.2567103452603797,0.5970327462819797,0.08359995812843242,0.1035186184421869,0.11722635277326346,0.15484952036673083,0.0770600522452266,0.10255349350994926,0.1686713173422447,0.15772594301392764,0.19028798706687836,0.254438182124772,0.14912312579217568,0.2229092629635894,0.12649232546126055,0.09818243421383623,0.11928591429635456,0.13290180048641478,0.1604973723000012,0.04640165795559889,0.13672659611203486,0.11119570805917053,0.05073961980686762,0.04056657201397038,0.1001214405113022,0.3746117893921287,0.22714004024882803,0.12828280179075965,0.05790210487126146,0.1409304926544251,0.16968140872186244,0.18948788016103452,0.19324587026776563,0.11271737637347563,0.11794167283588747,0.0725028360704484,0.04495595212158686,0.06629141101746865,0.15544187366643827,0.048629071748189055,0.08491230909705595,0.052474287165265476,0.13305692422204451,0.10507866963675815,0.2488776920932897,0.04912166121202677,0.05821958902386649,0.09825074560938708,0.06102179605485968,0.08701041613028879,0.06787485943116461,0.1364380853572983,0.11819870905016566,0.24560273075101133,0.21321554930498127,0.11713137364047972,0.0746861181211197,0.02792232502442437
U002,0.4869938625292588,1.0000000000000004,0.05140583898022685,0.06487593875185013,0.06599141199885347,0.43660034273451714,0.0781882341033614,0.07747789253897477,0.028272381005985295,0.059357621796771676,0.07414178917335429,0.07006691387512827,0.15985890911886771,0.20323120131211486,0.07493321740653726,0.09859356540310138,0.16725206770700918,0.08184266295692366,0.039403498238922835,0.2203974556594677,0.10151135417250609,0.022109129339966983,0.1663893806903982,0.24605644148817374,0.033287072025439374,0.09388720267511692,0.02543863650871696,0.027162594663722915,0.060882826725119854,0.07458466423561792,0.045810975412281976,0.16152509137707705,0.1516894521169007,0.123623780720161,0.08554153770095019,0.4017331176696722,0.21375450282630157,0.43622552651419194,0.03507476955493098,0.06925088547480579,0.26681381023538925,0.0401871980733938,0.21487104694043824,0.489820819403134,0.025375810656597744,0.044152048958244046,0.14857591291670197,0.10912656745419709,0.03472220602469095,0.11549021555201343,0.17443080659788215,0.15991038542499253,0.10629084593662134,0.37299370572840634,0.03110467093852694,0.2720833720014365,0.18073047680197324,0.052714950457145957,0.04378905702272199,0.1323451398202808,0.09584686458995077,0.04513541476945276,0.08415464935877473,0.04103949331137613,0.017170188836925872,0.044872550216835706,0.09599229853205726,0.36492483718427615,0.05570339671143544,0.05157398965355954,0.07893125869002646,0.18058707398590865,0.19063185197294638,0.02127461226318139,0.3964404510012304,0.06376554931140471,0.012847202312071662,0.06485167115597051,0.049809515049786764,0.034521096065829336,0.10948052422697137,0.03204984637031417,0.02299224362682974,0.02873384111029056,0.2122482076003505,0.05193578356035923,0.35613620630982346,0.05410816671544845,0.05588270514548006,0.08067427168608862,0.11402925407442442,0.061308561221369226,0.02016470971374762,0.056076984397787744,0.0770431054091079,0.2678950192055299,0.08137647127039352,0.07799177925422468,0.07990364963754432,0.04972306132749002
U003,0.19698709235357725,0.05140583898022685,1.0,0.0892779415514177,0.06376805884278566,0.03706384974655957,0.026172599995583717,0.028500576359832424,0.03336569794215077,0.09870600544948438,0.04889585058856313,0.0679344467233571,0.03177774391806191,0.06975710425165121,0.05228196203789874,0.06378717808358372,0.009475294912239276,0.6799198131316535,0.07050032474331269,0.06478814874042371,0.10831712603427116,0.04023143288241185,0.10739222224199016,0.04972064882629116,0.046386006132118185,0.019533490138507217,0.05233466891359298,0.031240835644835995,0.012819077480215742,0.09634713299026672,0.12604185603954457,0.05390439407940273,0.02666760096665248,0.04154759797607341,0.062223288267148485,0.12092330973892099,0.03599040002328849,0.09142000080600869,0.014137760398152269,0.08460610842416835,0.10255884422988062,0.04658682467915697,0.08054126449168122,0.14689643364658825,0.04277062327824331,0.044339547314600616,0.0864497226326346,0.03972695821936664,0.09549620548269379,0.11560951175427348,0.04319702042319321,0.016183541637741904,0.03012795674323926,0.052162912791820316,0.025603260710276004,0.09440588385930433,0.051244917801731675,0.10197493499277399,0.030580225932503882,0.06796612608655508,0.022991959665819215,0.09061061751621387,0.09432317192675568,0.0594631861019559,0.03116658610966192,0.04678863895969242,0.11338803201916532,0.11164100290310154,0.6299241834939825,0.023081004515318,0.03628876375325178,0.043394910732474944,0.036142024637611826,0.7943936713432168,0.024717391680912103,0.020058380213623727,0.03510225548408431,0.027747174731859694,0.03335250112908568,0.08065676933100314,0.03444585012649587,0.022946810671062377,0.03678735000991323,0.02401932495688865,0.0520033789149864,0.027705738066586237,0.07536368856241163,0.10024220297251486,0.11350906108286235,0.09087203020610297,0.015488909770057019,0.09246891440903267,0.026699918290005502,0.0368505404823275,0.1564181537895681,0.0827000667069558,0.7042645106400779,0.029508429416215946,0.06513288678907765,0.033205957486886394
U004,0.12784836977647757,0.06487593875185013,0.0892779415514177,1.0000000000000004,0.0646612485365439,0.039492392191664887,0.4574639339100219,0.03455253665668257,0.1385758583120118,0.16495854699464432,0.07400460508504293,0.36874186883322907,0.056306807348508583,0.06128414043423591,0.06368555030113136,0.013939565003837041,0.07566506518581316,0.12365209313715389,0.2282169775410567,0.11991556978722331,0.306114015093946,0.040774453059437055,0.2715405080488185,0.12275640297525067,0.08930573998565876,0.06562042270497669,0.07753503494212359,0.08552041630946833,0.04094310266670829,0.26366372830598794,0.6872412686223937,0.07087312444416095,0.05084441700256197,0.04050962386371779,0.04795016595598743,0.0829446889501212,0.06322226461725076,0.04530489882331645,0.02501381005863997,0.2501348299298384,0.06289555620551016,0.17715864836322326,0.09848012042026463,0.08383919438334057,0.10024208005206611,0.08448978066634388,0.08003484887863115,0.06028217578407742,0.6879836048755478,0.25501832372787614,0.08312965180370654,0.0817870511005746,0.29340074709075803,0.05631396270899443,0.13434472702027628,0.08293935637957482,0.06279216196602418,0.045639771229225516,0.13274930032600749,0.059156438992430935,0.11075767004028016,0.5664551159976035,0.7025451194747989,0.05106812000194243,0.06084257185178039,0.15305399110798867,0.16945929757305755,0.05727837816361182,0.09356721162676518,0.13308980014915084,0.25486201040009704,0.08231127770371106,0.08095065222363199,0.10057338441375822,0.06233873997339946,0.03555800240442532,0.14593311185137034,0.0509006525516333,0.10079128404982547,0.18395470306132167,0.0663820457029489,0.07286800739397606,0.10128821611114089,0.018904058056041884,0.13064977702172356,0.33686452527062904,0.044912004280328675,0.19596389768950942,0.26675302309523224,0.08789021458693472,0.020128962549295262,0.3491120131161685,0.0964781468507467,0.08318006993153945,0.27602159613867355,0.0737228636167481,0.09715655597407406,0.2669987006949314,0.3034928767853814,0.07202889887240754
U005,0.08850564958116773,0.06599141199885347,0.06376805884278566,0.0646612485365439,0.9999999999999999,0.04511543877866733,0.044952355946279776,0.06611094591887903,0.043635255505760445,0.07098520354007264,0.04483081824617764,0.054420144516095066,0.08430357704579945,0.13628266179781007,0.08583304665667305,0.02304629003939343,0.04039902541962294,0.10725889984321188,0.062270126679358453,0.04710344035816317,0.05106489968262397,0.045248042296386216,0.07739106361954566,0.05746023357373612,0.029709665753701153,0.02004361871040542,0.021955155622867803,0.04722345556653709,0.026559831253802315,0.036622982689135566,0.08369437797874724,0.026480991947310607,0.08953977993807298,0.07214471864279903,0.06303551977467552,0.06325111044671745,0.0756966566165903,0.049781955043756466,0.030263298872999774,0.1045111241444196,0.0557188682479271,0.0802597388711904,0.06660745492992506,0.0864076932436377,0.041420235482122515,0.6009300106397983,0.06047894417806948,0.07342474208158997,0.055541478525220817,0.0419470400298441,0.05824604241599968,0.0088827789177268,0.07849756805752722,0.029024519513952865,0.035550072928149955,0.05755234476403871,0.11479437059531288,0.6929808821062097,0.06445513636049376,0.06732559089256157,0.061387350133569614,0.0778822946429276,0.0629242833801856,0.8285130767269754,0.023954800427544748,0.04470010288040652,0.09428965039783051,0.037035639443603954,0.09651827920726351,0.05689625903790894,0.06625641704479265,0.0864493180697612,0.10926325867594597,0.12024930917046278,0.058563678494664616,0.02467255423140502,0.038422626204018456,0.04983791885862686,0.026474394116408985,0.06415249420271814,0.05759442150717105,0.053786787079283534,0.043057949149472606,0.04693088711085263,0.03597636285726796,0.053944805301117525,0.046034103551917074,0.07252447486063181,0.13044209002368293,0.7732118849481752,0.04507618593112457,0.06275662643174901,0.04020008560347542,0.023148089961271275,0.04801427123972867,0.0446446620486133,0.0962885057310386,0.10870614608104083,0.07941340648734099,0.03416475050153728
U006,0.27504414579454084,0.43660034273451714,0.03706384974655957,0.039492392191664887,0.04511543877866733,1.0,0.060954867673537416,0.07423480305004439,0.030484858530669463,0.023029100706794134,0.10322950746969595,0.032100844853574645,0.04850847760201041,0.06779684046236685,0.07048514803758182,0.21593144007859869,0.21387693057127927,0.02805398106661786,0.049599092927475996,0.25525882747942963,0.04634410946977578,0.041982255504768556,0.05140647121926241,0.05350949445792454,0.03786473831143089,0.24551373229436896,0.05215648430043272,0.05087480212173662,0.023604853459943714,0.05396855950813604,0.06153745484923001,0.27866414172238646,0.031121671744450605,0.09761343516125036,0.09049195131286626,0.22806032786884411,0.08922558334488319,0.8157000219854161,0.01978708629009837,0.06088178653758582,0.2303559920934478,0.04145619786064272,0.26898317106749037,0.3375136850759822,0.02836551023822702,0.0190405944482728,0.03967607156369623,0.062279900227806634,0.03023104716286515,0.04348762359029385,0.11426888253627211,0.2331472259800043,0.06402432901855584,0.7430059738088499,0.06684609145132554,0.27626818455154006,0.04139439889348031,0.024568335221869506,0.044769349802236194,0.048804064981876914,0.05231898764729864,0.05506235864575414,0.029983991802548227,0.06526227116042099,0.035356536993598524,0.07390399713547768,0.056056827476816486,0.1894823221997629,0.07695765313426979,0.06521920147352148,0.056006779232472007,0.1219646923679791,0.03252830961770538,0.043437245930735384,0.4884703711482273,0.023910920090413807,0.053808259036117544,0.07846473528860479,0.05175756747681993,0.04355235788321102,0.0781456914041453,0.038208081883781914,0.036784549920104305,0.02000535117189711,0.06803239430467006,0.06757574162421882,0.9034238636255794,0.04466531348076943,0.0763514808145914,0.010238424871529234,0.053216992528491755,0.036176190382349475,0.04576354582967281,0.056743142112324146,0.04785323686109466,0.29295898885613925,0.041993007857039334,0.06591785618893739,0.06218547070162718,0.033599102692031195
U007,0.17838354689659985,0.0781882341033614,0.026172599995583717,0.4574639339100219,0.044952355946279776,0.060954867673537416,1.0000000000000004,0.07228327365040697,0.23488218313679626,0.04954272073591933,0.09731861045441093,0.15501209116760487,0.08141720890348074,0.07583555381260022,0.08772038774387846,0.036004869372866934,0.11621849763957011,0.11029899295972556,0.0733022577622598,0.17425715347606033,0.18021610948513558,0.11976438431041511,0.14109551276277443,0.16297041339222668,0.07479417050808028,0.07050914314391403,0.07536032334601322,0.17006421104948724,0.0386374641028956,0.1309080558625921,0.2910173297510107,0.09034857461639238,0.07427765747275286,0.12860709266615572,0.0728149225979152,0.14064192561793293,0.1634862718682632,0.05826992387532715,0.04041040338100665,0.08766995995752765,0.2107031943948539,0.22888056632430745,0.11847627571773842,0.09259930020572887,0.2351903447422829,0.06906369686631281,0.11213938206516608,0.10776142809474538,0.2294248924993492,0.11236154206157623,0.10247821323310684,0.045947356537326636,0.6531373705348347,0.10693080064622569,0.2115408644302303,0.15023508369094968,0.07677787679430023,0.09323384167022644,0.2921162735003102,0.06556260662347317,0.22078293388759787,0.3438728011925593,0.28821824298404125,0.06316124523208848,0.036028571579799294,0.22448929556467184,0.1221570536001441,0.16368073340531744,0.09816262113246396,0.28684435536965436,0.4713966009975901,0.1033200585709283,0.08533019941879308,0.0868607222920055,0.13489565729875627,0.05073737901027031,0.26006210954467596,0.08661114861455899,0.10900493224109307,0.10268166431328049,0.065518595382105,0.09581532668092249,0.23478860059886225,0.046638284070860084,0.14002410085786507,0.5178814369025372,0.06736713888589398,0.044257760527943536,0.11141162837117984,0.06831684410154887,0.016078322095306852,0.12435459349954547,0.1708404295057852,0.1366750937398635,0.14800303946699664,0.11347124055265286,0.0714236898333511,0.29729913281746784,0.13189820957295761,0.06022210821559652
U008,0.10536921982126747,0.07747789253897477,0.028500576359832424,0.03455253665668257,0.06611094591887903,0.07423480305004439,0.07228327365040697,0.9999999999999996,0.033440326101376684,0.03439709840061264,0.7994939283523959,0.024926615025165876,0.07808022585540726,0.05414174552900182,0.7300597160623089,0.07720535024234143,0.06833805490099323,0.05322646636344296,0.02035305646152072,0.17175644947792573,0.030623763531583977,0.024149891082803854,0.04918213074094326,0.06054549464261974,0.040388270965410415,0.05483950693537042,0.024045489396455316,0.026047849242326067,0.029505032083738003,0.016620032836562902,0.04160081026110079,0.08346031631435856,0.07216501382684462,0.08809840590135408,0.7667629446849205,0.10889475071034901,0.10507618514701271,0.09748758282215743,0.03199018417902357,0.03310415682098909,0.1953617666475751,0.058414352848573756,0.21850871836305194,0.04375839954919528,0.02594233051112638,0.02130971672634043,0.07052440802632452,0.11820010714486828,0.020142250024288506,0.02932115065281661,0.07604394017163572,0.07187507474325841,0.08320717273495346,0.0637165985736747,0.05102463596313908,0.1691329258744233,0.07286045851310337,0.05795567705979354,0.04403408888017131,0.07517058409205983,0.03933421281498259,0.014993203052999586,0.039227291920349766,0.06959637382676039,0.018538837153896568,0.03806517593056505,0.04104226918672284,0.09018274023296662,0.021196320665783218,0.07481423634376172,0.04159623600047191,0.06597620162959586,0.07104120626862494,0.007953015519380553,0.09072711270877401,0.050764890012697954,0.02199237744230395,0.8601579863526945,0.011089093366372997,0.028717663804422165,0.15673989037110572,0.04319916057874496,0.038547261695199016,0.04672414592424987,0.06771961397181583,0.032368657059027285,0.06782520690300267,0.020862938772193397,0.026921241189688867,0.06380962923389874,0.030449975444945734,0.03389493402461281,0.021781076106599326,0.017015431974966327,0.031071308436280767,0.1909959129590982,0.035196446991009295,0.045432337486803316,0.035114628273949164,0.019955394837803443
U009,0.05559013530655331,0.028272381005985295,0.03336569794215077,0.1385758583120118,0.043635255505760445,0.030484858530669463,0.23488218313679626,0.033440326101376684,0.9999999999999998,0.030607464904020387,0.04241203168380797,0.08286556502318489,0.06059616197423539,0.041121835728065936,0.045941612189090125,0.0351349940512738,0.051243074616190105,0.06175307179609832,0.05647234691857975,0.10225145799610608,0.10454631016530516,0.41033537093134503,0.1168066091981505,0.04465024039730675,0.06784830920148753,0.01531047823850782,0.07682779383804673,0.39032616735557185,0.007444215786678633,0.08923338198504513,0.13043575946836786,0.03481566430758245,0.05210026154769599,0.02871618300587292,0.05564919993578033,0.07805292642451034,0.04245397894509828,0.027725980058772512,0.032199044279031044,0.039416842555820335,0.08227669177524968,0.2728432263581563,0.0901746818755945,0.05979380344696217,0.9026075600748479,0.061125781246535296,0.05046792022572503,0.043322336226630315,0.10093292006467179,0.09847645916925941,0.06670970199035123,0.02498254678355974,0.3758300335332444,0.0726030725785098,0.6012100692184557,0.08026162554235426,0.025704467458105718,0.03099460439750134,0.3555311397509352,0.05219377258175711,0.38347788692414025,0.12620512239619827,0.11786872396936758,0.03649742744164211,0.07351425676018396,0.4891033948739587,0.06149146717957224,0.0432839250440186,0.05216359751175499,0.35601746310178134,0.44633220465739337,0.04632521388553647,0.020762769190988253,0.06635952378196014,0.03647612948305109,0.045274625479266,0.4124799742327045,0.05231958605023833,0.07364250751348576,0.02731449293934469,0.05292439832649015,0.34922720559651466,0.3858384745800503,0.07396149112374811,0.052392106532032426,0.34883243521100676,0.05227212440983095,0.05859287255371928,0.057580383700426535,0.05623766619829525,0.07441971764664883,0.0840489315211088,0.7341926735832264,0.3901430251776676,0.08352589975621874,0.09868296875038493,0.04263494055036102,0.45531958181096865,0.07174816499285779,0.06962302001406123
U010,0.054749547683167574,0.059357621796771676,0.09870600544948438,0.16495854699464432,0.07098520354007264,0.023029100706794134,0.04954272073591933,0.03439709840061264,0.030607464904020387,1.0,0.019809296936191247,0.452370856793644,0.04953865298327457,0.048689276603264185,0.014647634126984992,0.01817854888393291,0.0356045200985039,0.07230035424993896,0.6773344520570309,0.11107853620074105,0.0862534654190976,0.017420670181244984,0.1348329178637533,0.06779584629322438,0.05969708718589102,0.03391490586060953,0.05261896076329471,0.07379008224970693,0.016790308977757747,0.08911167056505699,0.19558967786271175,0.03965871397853166,0.06595895466068533,0.015163619952577001,0.018461204540227948,0.058401956022116924,0.05425810309918919,0.0666964160230952,0.025703477436059156,0.42178242249612985,0.07045923271715626,0.08383184597437777,0.047865656398878215,0.03210508341975501,0.04958819942697719,0.13014423595533278,0.02206877424852162,0.07217127813225124,0.1848665747803287,0.07869295503836957,0.24800322668648242,0.05363463603853521,0.058992449667974546,0.03353774788663181,0.03019277494680018,0.17669749654789285,0.08812109299864389,0.05695864268582139,0.033495595671200626,0.09354764304109942,0.018506488618147954,0.15656287574128738,0.22009864769501733,0.05285176551864915,0.06123919568855887,0.04142225607250706,0.5515828068341806,0.018240802748196575,0.04612785641232929,0.028299372642006743,0.04285519406183415,0.11756736004241376,0.07419130446761961,0.08820577838790711,0.02488718712230331,0.02822218556906749,0.04648012965429246,0.017685563442762328,0.02738576822537125,0.7636629652353226,0.0912318229329462,0.03741825433240221,0.06786963280595232,0.04101416173142721,0.20864062457158863,0.08209518248594472,0.02561123556539043,0.6585538822691295,0.3660177910424438,0.08261437727645195,0.03373153279787466,0.4027638290599363,0.04578148995757133,0.0317327544379339,0.06831054032689773,0.046560674054587046,0.09205700499875137,0.06072729054270918,0.4984658239622454,0.05919033322302953
U011,0.11230336351976775,0.07414178917335429,0.04889585058856313,0.07400460508504293,0.04483081824617764,0.10322950746969595,0.09731861045441093,0.7994939283523959,0.04241203168380797,0.019809296936191247,1.0000000000000002,0.0700610145862547,0.11209746495334438,0.0805051059556726,0.8052581180765104,0.05745834744271516,0.06505420686986543,0.06322844820736537,0.022206077903059923,0.19188217295443977,0.03697599609111217,0.02728533570707066,0.09190064708636701,0.08954998581531937,0.044361474021009366,0.05605487789510156,0.026049453341246462,0.03430096427804155,0.02558549474933538,0.05605149323527995,0.03054056738120538,0.08511416844950351,0.06465036961798717,0.12753610361221107,0.8990766876736995,0.19809516032600294,0.09270515461858234,0.11882771632120802,0.0032275208651991894,0.0393588760814128,0.16473346491211358,0.07308873142416654,0.2770983954409724,0.04831185743701566,0.049027577973400044,0.0416924182416817,0.10498693142376,0.1357431869974884,0.048228746556063226,0.055271488539163194,0.06016454561631581,0.0533036864768744,0.08460811505714258,0.12488982320205055,0.051362791618744526,0.1564462339558925,0.11293562364409386,0.06576092865767805,0.05723266956607481,0.13391443473385287,0.04591957906963028,0.021148621888191714,0.045307994566967554,0.043667337575491294,0.025362048389464622,0.05945755808428362,0.040047210140638306,0.09671163259977238,0.05100750018518285,0.05470798889812952,0.06616437429120631,0.04026253813376585,0.11893839038979276,0.05020026946485503,0.0864931586226943,0.03475854177240445,0.04717692838985046,0.7546636945223854,0.04960267760461242,0.0250987030877184,0.14780260149023183,0.024032600981327933,0.026681980186656677,0.011746456339620254,0.09649143618944932,0.05346621727223919,0.09004468420613684,0.03480134104734758,0.038269809662900584,0.040234398207956025,0.02838933519211146,0.05860790982923629,0.05545550800772874,0.10367493516482974,0.04992751503080273,0.2319156042491711,0.07144590671466777,0.056100245741688246,0.06975654633967139,0.03538849470244052
U012,0.11941954106055985,0.07006691387512827,0.0679344467233571,0.36874186883322907,0.054420144516095066,0.032100844853574645,0.15501209116760487,0.024926615025165876,0.08286556502318489,0.452370856793644,0.0700610145862547,1.0000000000000002,0.0723446082658279,0.05082654387719447,0.05779281489545479,0.030322769688939582,0.07857661717932357,0.10535925620750106,0.4476276983843623,0.13457133209400346,0.1873800342014508,0.025279784972063454,0.206214863935428,0.07694461920302768,0.14361138295208473,0.02256697378622085,0.05804602029562057,0.08949583023092143,0.029639031484066488,0.18141379980585987,0.3300991748558604,0.06377965377239103,0.05296093593073148,0.02648783012221531,0.06194736619637979,0.07908483636267305,0.02108276227096037,0.05592505053999533,0.05500948041900415,0.5658969376296871,0.06167240589952342,0.07360046284110336,0.08113409614522432,0.06277813677902741,0.07774125345696326,0.10115166476225321,0.05724674666817824,0.06443176620974225,0.3670221983681878,0.17999539997237923,0.07414693751704672,0.0301804324086957,0.1009995812715474,0.07000540576732651,0.06171485001953596,0.11993179433372733,0.03435311968218624,0.05934866830862202,0.10601388302027001,0.11039639350624948,0.08524495264662944,0.18609162359949277,0.3612964668770602,0.038036187272310645,0.13212306583977645,0.07438025548366228,0.35796996010311793,0.03983452172611788,0.09355637740889981,0.06038139317973832,0.07963298670572581,0.06447165945673809,0.0426750298267783,0.1001550730276927,0.04415906186012852,0.0542466758387829,0.08935226346057543,0.05839434321110204,0.10931689792503393,0.49143986080713253,0.08982854454943269,0.03227987740710985,0.08525550022667053,0.022449433115382066,0.07203296933185085,0.047875970779445554,0.027677797417179455,0.40314738647569726,0.4755902222815379,0.05626774015831153,0.02823605508277319,0.8115344330431629,0.06548015462079351,0.07256510818656786,0.15681499145703054,0.08926113105561316,0.07485276629874002,0.0695138085538116,0.6799498499227475,0.08662944255247229
U013,0.1250117693514572,0.15985890911886771,0.03177774391806191,0.056306807348508583,0.08430357704579945,0.04850847760201041,0.08141720890348074,0.07808022585540726,0.06059616197423539,0.04953865298327457,0.11209746495334438,0.0723446082658279,1.0,0.6511612691893494,0.09076445781732545,0.03135689659676483,0.048260838145751425,0.09080759713872529,0.028268858037784145,0.08549699024871861,0.17381475772427232,0.042021764984011584,0.12244904797702665,0.24936820029465487,0.031545995131788615,0.03579469939434936,0.01966451487632675,0.048100980662502804,0.03043024203694782,0.17397489055516102,0.055208309234037856,0.052328452267025094,0.75621573467265,0.40453607104906003,0.1101189424319009,0.08981283464726117,0.22417064169080253,0.06537077261361983,0.0437201567133841,0.05312151146550208,0.07177172117345043,0.05639513390904387,0.14051443388672252,0.03886762844165726,0.05426525521861281,0.07529695753476176,0.4375119294810301,0.3517908179200247,0.05806476720061372,0.16984676035852767,0.14757594903535207,0.03186756036520204,0.0755261789270094,0.07351193847115792,0.05072888743349486,0.06198283797891515,0.6125274736823427,0.09930722361163821,0.04039574617667327,0.35871607071334793,0.03433711914152869,0.02789833173418365,0.03668707277344742,0.08294106289809915,0.03896283202505769,0.06233900268486271,0.03799208766309804,0.060026456848127165,0.03642186961668546,0.05030133359832298,0.09591527296167629,0.19476951812502524,0.6668676291322111,0.0363020584149985,0.060368490028051995,0.017610878164382473,0.05301417565361391,0.08750881547884451,0.022638746758550925,0.028029078498533654,0.3581702585020537,0.0345335471012726,0.06285525579193257,0.03786202931995891,0.17656533159975243,0.1034809535977256,0.038337952949160835,0.047422075421005405,0.030101306586964784,0.08857752638453939,0.0244843701976031,0.04208565155244677,0.08023696383875045,0.06532575295788905,0.1385962189219755,0.11618316192014583,0.031650636109872565,0.09139474165984832,0.05035487433299082,0.01664559189695327
U014,0.19002542066964098,0.20323120131211486,0.06975710425165121,0.06128414043423591,0.13628266179781007,0.06779684046236685,0.07583555381260022,0.05414174552900182,0.041121835728065936,0.048689276603264185,0.0805051059556726,0.05082654387719447,0.6511612691893494,1.0000000000000002,0.037315352273392305,0.03667145774550161,0.06959905780384085,0.12821865113074055,0.02049665376698748,0.10987320013029449,0.24669866738605492,0.04148226923595848,0.11500804159581342,0.2663676381168751,0.04605453772352471,0.04244439450078153,0.0638283863807983,0.03230223632146323,0.041352753767578555,0.2684363633968185,0.07184940418816442,0.053352147302211446,0.6539469363433604,0.523892594589545,0.08465470774137554,0.14252055279102674,0.25305378578837423,0.04683761810775268,0.03430827569921919,0.037830244303515226,0.09341391712549456,0.07237291708481983,0.12199993285109725,0.06695759023236354,0.023325430467709202,0.06125774531156458,0.4639029017507317,0.4442409085766124,0.02597146399546575,0.2703109754676425,0.14188638619385752,0.03144273867383692,0.07720356842577823,0.0715446630700415,0.04832994381053425,0.0966960877427397,0.5822252433832521,0.12262371443923246,0.06175264082775823,0.4414867566377842,0.054336567105578305,0.054055362377544734,0.06388634925405978,0.10304265732944375,0.019592138687393318,0.08565100741781469,0.051083189986114524,0.09110813689894559,0.05955167474958263,0.059749301277046425,0.11811482781968793,0.20248100940879393,0.7041010291786354,0.07566266289536239,0.037208577628449535,0.0684337393265037,0.0565186782388235,0.04459132682813101,0.036793758050594254,0.045980293513239796,0.4661825172377391,0.030096269820643545,0.033507250156611365,0.0403486313047545,0.23490064942339248,0.0917012952114371,0.0323185831808483,0.03205905294466119,0.04305673428457803,0.11693076999607273,0.09719606875643959,0.05107829560327733,0.07678121047415111,0.03550693724396024,0.2095603417482491,0.08830651436455263,0.13478342569672852,0.16071275646390654,0.08668921876918795,0.04155881182617145
U015,0.0968855871791122,0.07493321740653726,0.05228196203789874,0.06368555030113136,0.08583304665667305,0.07048514803758182,0.08772038774387846,0.7300597160623089,0.045941612189090125,0.014647634126984992,0.8052581180765104,0.05779281489545479,0.09076445781732545,0.037315352273392305,1.0000000000000002,0.05340159679732807,0.03591117440756113,0.032643407524607856,0.010812295422468733,0.20364130534906608,0.042015437248714343,0.053357454784375674,0.1021790705009472,0.09801794189007831,0.025729286838526266,0.06974940978643299,0.023714252806630615,0.03756947289401947,0.02903537235142943,0.05259111959820861,0.04583994732242866,0.06464187238675079,0.07505573733529294,0.12261482722394447,0.8447145291215385,0.15096378945810776,0.11240091621423566,0.11706314216981886,0.019147953894214143,0.032633203781895895,0.14225854789082912,0.06490352571654953,0.23360145607867377,0.05819197689912471,0.05829152001851245,0.03788355833863818,0.08054308299309591,0.14320175703609928,0.046077367188104734,0.057970247477928595,0.13293861688383182,0.046201353292214316,0.09106557562196517,0.06849693337460662,0.01958112022369759,0.1500125520011182,0.09133482068225282,0.0633244551476825,0.05019231281227454,0.128133789217309,0.03627252452327139,0.023689694008617524,0.04006724935721214,0.06822629031186922,0.03724932959613042,0.07194548631848814,0.02408221817180519,0.1388190905242777,0.04114810622056751,0.055338636338572875,0.07249079026850362,0.09603999484397563,0.1007709728712116,0.026644227411904687,0.08374987718453701,0.021713008431087984,0.04605372466100302,0.7747767985178912,0.05445622385561221,0.013355870408524883,0.13570355143601107,0.02519386661775768,0.043443471699619124,0.02057790974869401,0.11190083445994534,0.05260999511617413,0.06574979513514832,0.015457315165348004,0.0397224108787379,0.04908495357382611,0.01590160208223632,0.04779244578981894,0.0401318341687904,0.08242780213298438,0.045072385406074694,0.23039109077521705,0.03388295453460784,0.03947124918380354,0.056205300378128806,0.034143708596012824
U016,0.1762333615025068,0.09859356540310138,0.06378717808358372,0.013939565003837041,0.02304629003939343,0.21593144007859869,0.036004869372866934,0.07720535024234143,0.0351349940512738,0.01817854888393291,0.05745834744271516,0.030322769688939582,0.03135689659676483,0.03667145774550161,0.05340159679732807,1.0000000000000002,0.5124654309315334,0.029036250138572278,0.0163271078644177,0.1874978239913097,0.03426334482767415,0.05834506126949279,0.07080069648490106,0.04135090367601981,0.030345321764627405,0.5253735977585671,0.04549576147048087,0.04182365296561656,0.16489882897528813,0.06667082818565756,0.05985140643109178,0.6798157912799371,0.013973324904195554,0.06632607851950377,0.06761133166254124,0.2037955852055129,0.06034816574990687,0.2667458766978607,0.17192272659825547,0.054438170519671585,0.08998754640503176,0.04103515060931116,0.16667145023741234,0.12465748719592165,0.04318659633932497,0.0772598323358384,0.03291276983307883,0.05351322570214029,0.017856956978548114,0.06524333023144928,0.08378010117479869,0.540630735245171,0.03859955019888556,0.28942153753234473,0.10331928795003464,0.20695154404283125,0.03240031101181866,0.009527053214634814,0.10517305398561075,0.05551205224725632,0.18130595120467316,0.062267604697422735,0.012313329689254958,0.020556213266143576,0.047476369229219946,0.050527309244067134,0.01947529722982691,0.21394197083952413,0.05938403004663522,0.1407985979385436,0.038254956709354714,0.06997388660255595,0.01933567499017976,0.056412440441137336,0.2869925662326991,0.19027071850174704,0.03375168801799547,0.1287230549288826,0.043017610579381874,0.010553142043248382,0.03707699876620973,0.03898550281468105,0.018380849028068615,0.14986699270537404,0.06130552401161278,0.09278102880776443,0.22304824779686644,0.015357257149376434,0.05094637320719704,0.018799378712418265,0.20428881268035545,0.0298102792349618,0.0302869728069614,0.08865730814171374,0.057092170881345744,0.15503019290562067,0.0781520580853563,0.04287926777791207,0.05645740430826839,0.025457008928977808
U017,0.1400780416074389,0.16725206770700918,0.009475294912239276,0.07566506518581316,0.04039902541962294,0.21387693057127927,0.11621849763957011,0.06833805490099323,0.051243074616190105,0.0356045200985039,0.06505420686986543,0.07857661717932357,0.048260838145751425,0.06959905780384085,0.03591117440756113,0.5124654309315334,0.9999999999999996,0.03558499591436574,0.04326712155853711,0.18904045551212065,0.06798867613802449,0.0501459028596898,0.06413233960291845,0.08292068876447531,0.05290790167346876,0.5173803633373504,0.06112494896607198,0.04971530407847509,0.135310411562046,0.06641103170144722,0.0815659089924177,0.5502269083745946,0.07644813335285026,0.04088531747935261,0.05240838791881284,0.1784579420190422,0.06143016759240317,0.1954463536952681,0.1958290040688272,0.03092838593878443,0.12130137138759615,0.07034384818566941,0.10202006420722792,0.18568269455361294,0.05117152909895867,0.021370756160847965,0.04271324402521512,0.0721104768665247,0.019386202976636575,0.07210857015020482,0.03395390079216857,0.4728768390842777,0.11197866194658265,0.3515963875445241,0.07073046561413493,0.2114451683756825,0.040971104411162855,0.02823449340603295,0.10066730195386867,0.026492595632078973,0.04943506042404342,0.04098369069262357,0.09068903170953559,0.03677763719508189,0.08201981275865941,0.08208071706230091,0.05336954632096732,0.21984570770093428,0.03579882506282102,0.05966231600754283,0.09476124585983071,0.04343886176009749,0.018279741318077733,0.026254077868541094,0.34453691220418353,0.13740330692075406,0.08843413177673856,0.1030286134297959,0.045120836418737285,0.07860180217203075,0.044604894534467456,0.01950175985203656,0.06137449365055013,0.1615838036513904,0.0869993446182508,0.07211494096748194,0.20997665757013328,0.011740064457882601,0.03283151854701273,0.04309396787523466,0.24691425620576646,0.042409846442375845,0.05456793712482309,0.02489761917600269,0.030774948576627843,0.1343154317783658,0.04135272382861917,0.12243211902836111,0.05301889847338064,0.042982835168056746
U018,0.19096915346774232,0.08184266295692366,0.6799198131316535,0.12365209313715389,0.10725889984321188,0.02805398106661786,0.11029899295972556,0.05322646636344296,0.06175307179609832,0.07230035424993896,0.06322844820736537,0.10535925620750106,0.09080759713872529,0.12821865113074055,0.032643407524607856,0.029036250138572278,0.03558499591436574,1.0000000000000002,0.04170280110081097,0.10028990864642245,0.1378472996974848,0.028272868638015123,0.17612708425218893,0.09931385958483138,0.09731426943421485,0.01653709149036602,0.0639885019098355,0.035215290193047706,0.022327695882914327,0.15449967262412703,0.13097027925595542,0.04139372641864467,0.15845750058858304,0.08732540301199711,0.06189791046471318,0.11376557790537106,0.055953414556722196,0.026679502368144127,0.019836437902264397,0.07960920106268507,0.03047120088636641,0.07168584344541058,0.07052920291143631,0.13487393480809962,0.057462451617886566,0.06276026258866345,0.11287149111524392,0.11034711778630124,0.08097289811701852,0.1520419575362059,0.048973168633277275,0.022014263536249908,0.10441045291381966,0.05215625527720888,0.054977847521055986,0.0900456547383272,0.2020351590461839,0.1901977405812527,0.05005156413504945,0.1772786955901459,0.05482341901101867,0.11714034665259812,0.14843907902687906,0.12004834599069195,0.057290580500494966,0.07788693594088884,0.07929978463548878,0.1038575288918227,0.659394769888286,0.08609515837532367,0.08525217656804604,0.019654408023541767,0.1495113998405417,0.7623183871691794,0.08291345656574094,0.06259255687459588,0.0443642356980775,0.0365154268151429,0.08003306558013337,0.11001019982994796,0.1460425644381125,0.045933696656985504,0.05977850250597631,0.04539156883863649,0.10551750875448049,0.0456835818393869,0.021013789232399903,0.03354848046473474,0.10569026831950579,0.1244407558707597,0.025784312879062115,0.10118796801824731,0.06161427822683225,0.06851304921592068,0.16347555203106515,0.09123685492454361,0.6595012008900071,0.09226848099981091,0.07083634317276341,0.08874895689982294
U019,0.057894268349134456,0.039403498238922835,0.07050032474331269,0.2282169775410567,0.062270126679358453,0.049599092927475996,0.0733022577622598,0.02035305646152072,0.05647234691857975,0.6773344520570309,0.022206077903059923,0.4476276983843623,0.028268858037784145,0.02049665376698748,0.010812295422468733,0.0163271078644177,0.04326712155853711,0.04170280110081097,0.9999999999999999,0.06910900975797231,0.1604199794390906,0.061474911170890635,0.14482658571062298,0.05330327578003302,0.037227577818011816,0.0062452033040524615,0.14968918540533485,0.057377582540553425,0.014335122819242714,0.06670791003770682,0.19157352772709005,0.03871143130691507,0.015114668860345841,0.025647819579370658,0.0038817629395799984,0.026861769508995888,0.039304189552713135,0.029232042940296462,0.010531327014534853,0.5142435926144568,0.02863862344361292,0.042127955860055716,0.021866130677850773,0.04767716287241177,0.0732349071215675,0.11838227773995232,0.03815396076794354,0.04216554660848157,0.1896988153470853,0.05207643191343044,0.12232563339620665,0.022898615103324648,0.057721728182321935,0.024413984730651348,0.06256571179520937,0.07329577510347107,0.05048928831580309,0.05450756159501021,0.05858661138732508,0.04551638733741826,0.06563216729218428,0.16710577869614043,0.30556522775359457,0.044927987249863896,0.05606706222606736,0.05711416503441922,0.5082625409314434,0.03282069393553594,0.039198904818743385,0.06681687696569741,0.033662479157986716,0.0820079889450308,0.023412456931462343,0.08502425592992612,0.0169646880713194,0.03043589536378384,0.05961485847546639,0.01481555308313856,0.06484776974785693,0.657063248899649,0.0801532315896524,0.052269806272733296,0.04603862690765729,0.02131910564465324,0.08201569586256323,0.027749263943987426,0.04526286316064349,0.8664169567733988,0.4271956573600108,0.059915284949965744,0.03362270588414376,0.37654739709183593,0.03394260348748686,0.06565084980508747,0.053764967802656945,0.014413377146675815,0.03063907288735602,0.03048151432689693,0.536875848589384,0.11577560425652969
U020,0.2708395677482578,0.2203974556594677,0.06478814874042371,0.11991556978722331,0.04710344035816317,0.25525882747942963,0.17425715347606033,0.17175644947792573,0.10225145799610608,0.11107853620074105,0.19188217295443977,0.13457133209400346,0.08549699024871861,0.10987320013029449,0.20364130534906608,0.1874978239913097,0.18904045551212065,0.10028990864642245,0.06910900975797231,1.0000000000000002,0.13097259342220594,0.060632543188447276,0.15880268269501277,0.17119313476186454,0.08763702317239655,0.16194460337837882,0.08151986756793098,0.094059350425954,0.09194431076785023,0.1577581675723766,0.11846317680975745,0.3112930363273383,0.06751478006523262,0.10356298187746271,0.1706112533401546,0.27195119365729736,0.22222271059946336,0.2515669240787765,0.08422183986110293,0.11455127997980076,0.5664330806719239,0.12136708393857518,0.4752090166378283,0.19557699009912913,0.09926165977722554,0.06003202570367733,0.055927133875793046,0.1301323973089756,0.1358133978148358,0.16715205436433117,0.24694745030574336,0.227667887496546,0.20083076043903722,0.21643961629685,0.07450218307345285,0.7339054414923868,0.059054602872356934,0.08635114609330576,0.08296566939491926,0.06429227460607267,0.058982996641484,0.11893174903465764,0.11196217332883925,0.05348241781475556,0.07204096455839953,0.10837910412295335,0.17284968517939348,0.26450943644360003,0.12678239899935306,0.11506181841404639,0.1447534591864661,0.19854757724211358,0.10417879712080397,0.12810269274766029,0.19024145948384594,0.07706509149079632,0.08629873890558723,0.16055657539951318,0.05542033830238045,0.12255191821861623,0.08999128603405107,0.08182159220752014,0.11307039750133621,0.07226130434005704,0.1696225352081773,0.1713224673488723,0.250964467660254,0.09017087585455687,0.1757967678503855,0.03956862704928526,0.07529788601503584,0.12979061617095683,0.13300646403825675,0.10960526062275773,0.15134981662307603,0.4961513705042529,0.0769732775079241,0.15669559438168765,0.09498926133217722,0.07016566579843335
U021,0.09121939385362722,0.10151135417250609,0.10831712603427116,0.306114015093946,0.05106489968262397,0.04634410946977578,0.18021610948513558,0.030623763531583977,0.10454631016530516,0.0862534654190976,0.03697599609111217,0.1873800342014508,0.17381475772427232,0.24669866738605492,0.042015437248714343,0.03426334482767415,0.06798867613802449,0.1378472996974848,0.1604199794390906,0.13097259342220594,1.0,0.05630950547804112,0.4430900618273131,0.20878893036662194,0.10891928141264456,0.02741249360064198,0.05581065004857919,0.0828665680109095,0.018631269341114018,0.6355023177567655,0.27791815489999677,0.052802961070464824,0.16777255034263677,0.20980961456533898,0.03599936801000403,0.13313741458481484,0.15976801604875124,0.030198723763248014,0.009458236886562986,0.13404257835854874,0.1162040438893612,0.10957114927451421,0.10995028948296136,0.1016153284898856,0.0961116497865176,0.06413535193536408,0.2085125622375445,0.16222990715367025,0.1755002981688923,0.6643095305678406,0.09624504491141822,0.03858151871899509,0.15391535402555032,0.03665748744033801,0.08415769791164252,0.12471204570478141,0.22666482883872013,0.04308652334359739,0.10161512407976156,0.13331026981138488,0.09882120522972404,0.19541139888358286,0.28428513684881124,0.040114255097174256,0.06317181415582161,0.1147661363577149,0.10312721471857841,0.14955464971340363,0.1253263655714353,0.09810807780266621,0.19998010667850857,0.1315205165233664,0.1978272331979134,0.16451678867181335,0.07829848997745162,0.0474397453673243,0.11608458067032333,0.033917021154425735,0.04564938397928231,0.09978543686287322,0.21394856420321784,0.0630458752665018,0.11420721746491612,0.025922410870297237,0.26226493432471376,0.13632660060480076,0.05800409302023683,0.11289976091972663,0.19834163480841271,0.07571598463495975,0.038695569763685905,0.167935386078182,0.06412566714763283,0.0825635826390558,0.5208930081486557,0.10624180717108371,0.09523945453999944,0.170190462157324,0.1278061997777405,0.04201741537331916
U022,0.02381534979164995,0.022109129339966983,0.04023143288241185,0.040774453059437055,0.045248042296386216,0.041982255504768556,0.11976438431041511,0.024149891082803854,0.41033537093134503,0.017420670181244984,0.02728533570707066,0.025279784972063454,0.042021764984011584,0.04148226923595848,0.053357454784375674,0.05834506126949279,0.0501459028596898,0.028272868638015123,0.061474911170890635,0.060632543188447276,0.05630950547804112,1.0,0.08826287670293069,0.05795560742847642,0.03706439118483518,0.047036617150401756,0.039152137628521655,0.12268483516640553,0.03844324674751898,0.03757026093901046,0.05471884699892939,0.05043190637280637,0.03353952190986905,0.08138397602903664,0.04921345265692925,0.053903167611609015,0.0737738474259432,0.042224430002669615,0.034485449644205336,0.043763330970715185,0.0798460405815144,0.55007487451235,0.04373771259389544,0.0418597919496574,0.42015053371341754,0.03400114768985843,0.03400720450558928,0.07346362989654731,0.04022842731454045,0.052234806832256966,0.05971934109377836,0.04974567185153906,0.29212701082008474,0.02712941522427796,0.30916542143222114,0.04296157159214078,0.025855912680557806,0.05826399036275083,0.5415014113527411,0.020169805473081524,0.5093449430495586,0.05299717886731034,0.10320847849997505,0.04026965601985922,0.03753708475048703,0.33781001654363907,0.03340213809650598,0.08556781001383182,0.05612932098872885,0.5530148793739681,0.26673540456166156,0.05967719483842455,0.04306065971586495,0.034343398042476284,0.044831744809439134,0.025209979219127633,0.15281670413835233,0.05630391534980019,0.04479881333736203,0.02640266072480246,0.04384218499469513,0.12270900665242965,0.1233648282075737,0.06079279106636097,0.026023954267318548,0.15653241515609717,0.06610260786982688,0.06144210937334375,0.038420210942179844,0.035092292620906185,0.05196506614937403,0.02728916080786829,0.4695621554231143,0.14656286078067904,0.055533208853084146,0.04535283590694398,0.03672370759033887,0.2810826054297105,0.037583381952945555,0.024813063907673842
U023,0.16152993615587863,0.1663893806903982,0.10739222224199016,0.2715405080488185,0.07739106361954566,0.05140647121926241,0.14109551276277443,0.04918213074094326,0.1168066091981505,0.1348329178637533,0.09190064708636701,0.206214863935428,0.12244904797702665,0.11500804159581342,0.1021790705009472,0.07080069648490106,0.06413233960291845,0.17612708425218893,0.14482658571062298,0.15880268269501277,0.4430900618273131,0.08826287670293069,1.0000000000000002,0.16706440566326614,0.06260385843297225,0.03644453965554328,0.04206168516659493,0.09964024602872323,0.02512017862642587,0.43149666382861485,0.25927732965457106,0.063371652923564,0.11689125507845645,0.12194707465020527,0.09284648190278952,0.10833511216291768,0.17667011227841714,0.036530583188880604,0.022608867239335688,0.09139465448395617,0.1926129635862392,0.13688056351554395,0.1532212117941691,0.12776429918105198,0.11257482220765233,0.0900474078648906,0.1557674842289964,0.11986124438438865,0.23569175233553524,0.5165924916961078,0.21113134453740529,0.043380007369135214,0.1939490899774893,0.04625623401513513,0.0916475701643634,0.12472991079249328,0.1381487553036762,0.07914527576475398,0.09714820907624755,0.1388971527652608,0.14571411731714612,0.2986731472158723,0.3043937682951518,0.07929093981121484,0.08046000394452554,0.1794162265064117,0.12705095234264258,0.08656119025250424,0.1226441236221445,0.12458676652778465,0.13704482456465775,0.160306078189283,0.13715913952574557,0.17170341709156153,0.09776670365971783,0.05282708362042965,0.09791539915337895,0.07916050266888214,0.08051233296634927,0.0800793176518948,0.09388261476758432,0.062363813329228066,0.08148954124683626,0.03590187099318216,0.17104303003831836,0.14946002024418956,0.08045787468781379,0.1570431600486245,0.19867343064086285,0.07766003166364979,0.0416241482729251,0.21392609166597815,0.08449398226312647,0.09199308427432583,0.4887020617566665,0.1461216065275043,0.16952668836515483,0.17132291934195645,0.11351867038232294,0.06477469723052892
U024,0.18564414436398374,0.24605644148817374,0.04972064882629116,0.12275640297525067,0.05746023357373612,0.05350949445792454,0.16297041339222668,0.06054549464261974,0.04465024039730675,0.06779584629322438,0.08954998581531937,0.07694461920302768,0.24936820029465487,0.2663676381168751,0.09801794189007831,0.04135090367601981,0.08292068876447531,0.09931385958483138,0.05330327578003302,0.17119313476186454,0.20878893036662194,0.05795560742847642,0.16706440566326614,1.0000000000000002,0.026863258816139227,0.055043091820020984,0.029047593501317796,0.044101150523858906,0.05796123288989029,0.15096904753508888,0.07608098195868619,0.0701971176997929,0.32917942781565657,0.1355418057984415,0.1149569633920732,0.18317883956773742,0.802897980007154,0.06525123042853004,0.04451291816471626,0.04790909956525972,0.1741302679286344,0.09454681744105141,0.2866422378229991,0.10165660437928398,0.06615514485170816,0.07101571973457435,0.20025549884317428,0.13858848676156676,0.051373549174645476,0.15057954466826914,0.5662946312405668,0.04839350096642719,0.11126999980405719,0.06047105738632956,0.06965140976462918,0.18176587447211262,0.3303591326170739,0.04603793092708241,0.09718722550111292,0.18455034231034934,0.04159691589532088,0.04664600768000608,0.1179229871107812,0.017934680066815426,0.023598308522530073,0.05573004059292039,0.0926707548652732,0.14646431052021397,0.04508916625441485,0.08907793399634392,0.10813154212907815,0.5450646721064715,0.32068326872211517,0.04879874363715267,0.09103996309698346,0.0764789393909432,0.07600360332362156,0.046099223671078084,0.0706399249580218,0.08038866255633077,0.12213408468815956,0.020980778894400625,0.07731733956952619,0.050943545313438594,0.7247744286031111,0.06586604024291348,0.05966497648362087,0.04073362396547172,0.048879401242985974,0.09284328618308588,0.053615022255225374,0.0428399249557954,0.03516678214767423,0.09436392581197936,0.1046714343861284,0.2684809334432361,0.02944409446538278,0.10422695727295828,0.0693730392982386,0.062271136171406435
U025,0.08586400308724226,0.033287072025439374,0.046386006132118185,0.08930573998565876,0.029709665753701153,0.03786473831143089,0.07479417050808028,0.040388270965410415,0.06784830920148753,0.05969708718589102,0.044361474021009366,0.14361138295208473,0.031545995131788615,0.04605453772352471,0.025729286838526266,0.030345321764627405,0.05290790167346876,0.09731426943421485,0.037227577818011816,0.08763702317239655,0.10891928141264456,0.03706439118483518,0.06260385843297225,0.026863258816139227,0.9999999999999996,0.019914356232620688,0.6565521212043797,0.03772900941854004,0.04206476429161567,0.12194506322493082,0.10370785752123282,0.06226459373744518,0.05452163331831585,0.05812915314871777,0.03419351497768473,0.0413843153257407,0.024465913100281234,0.031152224526119203,0.05121838554078178,0.10240444479955718,0.026460513830475256,0.08904250402048541,0.1000720047920711,0.034403546726240034,0.06171624092537917,0.04603290954565509,0.08374127764719307,0.06504568195224777,0.08142049064129804,0.1315007211412336,0.09727774331113653,0.07603821307701186,0.09833353714594194,0.03794919804781654,0.0851720822181498,0.08337677667992167,0.029007850149446117,0.05257901171621584,0.061125779848772585,0.07607484139172234,0.051362629657617245,0.05576430368449918,0.1564973619170878,0.05504443475249764,0.8131637765989645,0.07919706267882208,0.0920341565106199,0.0695995381653287,0.07860308858860011,0.08534251994535806,0.0667474681280935,0.06700985686960165,0.024734419414350842,0.08488042770459578,0.06712610235839359,0.1150623346659894,0.04622147962791969,0.028712707807412884,0.6843247009732609,0.09335805614770763,0.12667039459096674,0.04606393967622028,0.07415610713826895,0.1490825182693289,0.03595144604856595,0.06270466994368355,0.03698441502743967,0.055594933652053126,0.11507334618468391,0.04222919219132221,0.027320206796939826,0.11482043469777294,0.06755977466272986,0.030138429184747434,0.14269571265420106,0.119201834940776,0.08506784194981529,0.09114113922265189,0.09867772606086572,0.672915633736706
U026,0.13440663453886012,0.09388720267511692,0.019533490138507217,0.06562042270497669,0.02004361871040542,0.24551373229436896,0.07050914314391403,0.05483950693537042,0.01531047823850782,0.03391490586060953,0.05605487789510156,0.02256697378622085,0.03579469939434936,0.04244439450078153,0.06974940978643299,0.5253735977585671,0.5173803633373504,0.01653709149036602,0.0062452033040524615,0.16194460337837882,0.02741249360064198,0.047036617150401756,0.03644453965554328,0.055043091820020984,0.019914356232620688,1.0000000000000004,0.03576285852852076,0.04496500404327863,0.11337268185056368,0.0757241868069207,0.035021007609358897,0.7005732354086698,0.03439445720920553,0.06104614684423846,0.03547391932285322,0.23186562585779505,0.08076996436730724,0.20696828135261613,0.08738619913209664,0.030439355031143825,0.12408378091378712,0.026718329789676205,0.12452796729698476,0.18175388170566104,0.030630092650074537,0.022240605247863518,0.019020695971465704,0.056147053717387055,0.03601326303968408,0.055508720656837526,0.07989552142408192,0.6154524437292205,0.05198165961771707,0.394783789477599,0.0070927026328096564,0.1521928843057298,0.027906384107432618,0.015948968001532726,0.02532549094948389,0.009195868708654886,0.042176417390324544,0.026287718727829937,0.015127306441831207,0.017839007410184606,0.03174478595759994,0.07885148928043577,0.061635115655269315,0.25475071068967325,0.020819624972061808,0.08109671510480744,0.041807155771476597,0.03418316916946958,0.03170559706868312,0.017922902902549675,0.35213666898710666,0.04006727133780103,0.048646856575638026,0.05443176785429607,0.038479954481894264,0.045764168999131216,0.017031441104952895,0.02628071964621463,0.0426885022711743,0.09274532949301949,0.08353577483260949,0.06821745492463926,0.25327121088204263,0.013062554819359895,0.039060302313988084,0.025389479325314025,0.1523078862189891,0.011772872013990646,0.05469493811070288,0.023399446781534022,0.03459482624822306,0.09361737001108465,0.046293271684227755,0.041780153732091145,0.029826924010382908,0.03514640970789704
U027,0.05474930601109798,0.02543863650871696,0.05233466891359298,0.07753503494212359,0.021955155622867803,0.05215648430043272,0.07536032334601322,0.024045489396455316,0.07682779383804673,0.05261896076329471,0.026049453341246462,0.05804602029562057,0.01966451487632675,0.0638283863807983,0.023714252806630615,0.04549576147048087,0.06112494896607198,0.0639885019098355,0.14968918540533485,0.08151986756793098,0.05581065004857919,0.039152137628521655,0.04206168516659493,0.029047593501317796,0.6565521212043797,0.03576285852852076,1.0,0.030441650305580784,0.03918961385162834,0.08323225545363688,0.04453795154800081,0.039981790022119906,0.028325028976918548,0.012818765920173138,0.012347252760518382,0.05375175279796741,0.01026132986333762,0.03185296409544581,0.03860429411077708,0.11131167943919566,0.03751814274263158,0.04317780432440628,0.019819159218742437,0.02695076603012974,0.08594477777429967,0.02069685597706701,0.02100264962731386,0.06930624800946994,0.023361299272423412,0.05165899981256786,0.026393218217810436,0.061857685859257834,0.03100754442419492,0.04010117138913314,0.08784890450252217,0.05210744270820268,0.03667405480752097,0.025098378475504217,0.06937743096746435,0.07211025203006466,0.06207800243930932,0.04673723327659446,0.07262756756929306,0.04778557607307373,0.6628186721489092,0.06703975071913398,0.12554964688691495,0.04594937766157065,0.04494151061382551,0.0818907377183615,0.04868638621361087,0.029166394503813413,0.03579090314371015,0.07582546769885706,0.0212278158419859,0.046642227310682044,0.06578681327317473,0.03655417286146832,0.8073085310053781,0.13090304718517887,0.04975371389538932,0.03910119361787075,0.028168878744739854,0.16165413864761283,0.01369500933724299,0.040036729096351864,0.039667161246858706,0.1379595329510356,0.09408430909128304,0.038220293760190885,0.11775832919091665,0.060718149590378426,0.0633972041385807,0.022550056783384113,0.0722397849383032,0.05123449417965567,0.05430859296103282,0.07361800959004632,0.09336486372522229,0.8679877842183149
U028,0.07876669172228212,0.027162594663722915,0.031240835644835995,0.08552041630946833,0.04722345556653709,0.05087480212173662,0.17006421104948724,0.026047849242326067,0.39032616735557185,0.07379008224970693,0.03430096427804155,0.08949583023092143,0.048100980662502804,0.03230223632146323,0.03756947289401947,0.04182365296561656,0.04971530407847509,0.035215290193047706,0.057377582540553425,0.094059350425954,0.0828665680109095,0.12268483516640553,0.09964024602872323,0.044101150523858906,0.03772900941854004,0.04496500404327863,0.030441650305580784,1.0,0.045855250525479126,0.07678151721576149,0.11712040248089202,0.053467405177745675,0.031986339725017646,0.04312192830562885,0.040903525960907405,0.049844887229437196,0.03664610642996992,0.07802968951491995,0.0163953491982973,0.040559789887165874,0.11120985446122258,0.1276256838480025,0.06095885342219901,0.0592979933635784,0.35553863811002356,0.12383146539306074,0.07055636161547789,0.05118032269071473,0.05130998749972883,0.07502605377925711,0.04221063407510357,0.03703729135389564,0.23974762326282428,0.04625663625388202,0.20568786626654714,0.09480325216676683,0.03838729604863496,0.027232154149655678,0.18119220934932523,0.028704161527731042,0.18633729078176897,0.08430269393882592,0.093105121730663,0.029923419318303286,0.0671850354443266,0.3480603656084341,0.07970395196333312,0.038683881595793466,0.03296352476186748,0.17213510971474452,0.1306250492696961,0.04903729689136633,0.01595030081224805,0.03936867937101991,0.033689581783354336,0.013063114008701976,0.7842563915428832,0.0532841179502782,0.03166222353861318,0.03366971606938939,0.04031791784547867,0.7840217256445503,0.797497097346799,0.039317607483310625,0.06274037816785012,0.1272557151946966,0.05553238760936492,0.049103871341345,0.06356253452686929,0.03635521715648987,0.04113912156717851,0.06910660964025377,0.3844950840053765,0.5771216106701709,0.08793491530611383,0.059234894644047735,0.049033307695429684,0.12277118354071363,0.07177929114511988,0.029452130291007912
U029,0.0364846354325616,0.060882826725119854,0.012819077480215742,0.04094310266670829,0.026559831253802315,0.023604853459943714,0.0386374641028956,0.029505032083738003,0.007444215786678633,0.016790308977757747,0.02558549474933538,0.029639031484066488,0.03043024203694782,0.041352753767578555,0.02903537235142943,0.16489882897528813,0.135310411562046,0.022327695882914327,0.014335122819242714,0.09194431076785023,0.018631269341114018,0.03844324674751898,0.02512017862642587,0.05796123288989029,0.04206476429161567,0.11337268185056368,0.03918961385162834,0.045855250525479126,1.0,0.018302129524003216,0.024290564802548258,0.16475273060493364,0.012819543123524898,0.03245977568687189,0.015175119115400407,0.039611263126582856,0.047873073247735896,0.05907346079442184,0.7381046335383533,0.02534459074351085,0.058284607322342245,0.02010628671310432,0.08988592301792175,0.013590957556523352,0.00471205605333091,0.05602918927754082,0.018589454111026922,0.05165308272883446,0.044152227939200435,0.07573882234852784,0.049981415704671975,0.20933573993592447,0.03657654074159522,0.03541469519914626,0.035860288324217546,0.0705202888613095,0.0231067574260143,0.024196075446311305,0.042398804826972086,0.014931384910259858,0.03032793359809076,0.03158342376206405,0.014653162207285795,0.024204846879674537,0.06482561566181,0.01882454210578875,0.06355658168812267,0.03839711480833465,0.014523798601827377,0.041099956411247564,0.01966778044509087,0.0576314955730083,0.02527853030542258,0.007625357050956086,0.05041810148499707,0.6373546948371326,0.014726193546458224,0.03143004043543615,0.04339668941837845,0.06279995893268069,0.03058253687679509,0.022608585285439985,0.01867236953511889,0.641134069598586,0.07020740736854851,0.0177843023299064,0.026077909341659974,0.009101627388421654,0.01660852328800487,0.058938240911071985,0.6381770764928835,0.0,0.029750980100258374,0.0654688625804267,0.01095138555503523,0.06029101041225704,0.017710895683754446,0.05259365537568117,0.01188109005377437,0.06280862229074544
U030,0.13416501987724516,0.07458466423561792,0.09634713299026672,0.26366372830598794,0.036622982689135566,0.05396855950813604,0.1309080558625921,0.016620032836562902,0.08923338198504513,0.08911167056505699,0.05605149323527995,0.18141379980585987,0.17397489055516102,0.2684363633968185,0.05259111959820861,0.06667082818565756,0.06641103170144722,0.15449967262412703,0.06670791003770682,0.1577581675723766,0.6355023177567655,0.03757026093901046,0.43149666382861485,0.15096904753508888,0.12194506322493082,0.0757241868069207,0.08323225545363688,0.07678151721576149,0.018302129524003216,1.0000000000000007,0.26245568643053296,0.05375616385798749,0.17003234522807897,0.15618000670520338,0.03455403993472388,0.17590737767220535,0.13222163687432734,0.03959766863108328,0.028966115510634945,0.12755148040242756,0.09707744113232063,0.07093754693676961,0.1315870341810299,0.06563589550031924,0.11048840536623872,0.0696627201252709,0.15898222878462542,0.11314111213886914,0.24064464385868145,0.8849865516701818,0.07797099785104608,0.05207453039072467,0.1609398281204185,0.07127446926686112,0.05476711602968021,0.08163113867179425,0.19483819782394074,0.060269571061133814,0.07275775826820231,0.14763532889095335,0.0492821825808394,0.25988664076780177,0.23244590768985793,0.05474637135603046,0.10111215674472662,0.10800804422405752,0.07265303917491572,0.09762714531855304,0.14572694219149698,0.05914486605277588,0.09885764233736337,0.09451936510677264,0.19266017988973985,0.16860607972549738,0.06467366736325261,0.06578707224249965,0.10690307957506771,0.02796521589312371,0.05436351992859988,0.04850302405471422,0.10287810232979223,0.044708112447888915,0.07462016145093422,0.03551533834197865,0.1870377016018838,0.11714831398133792,0.04683582820035367,0.057934018234404056,0.21265319291509632,0.05341437260685075,0.02729635797075905,0.14566331319026607,0.07299195658338464,0.042585534983082984,0.7691267050188392,0.12040236881937691,0.193824708819295,0.16609193407851106,0.11180138384134042,0.0335815619292511
U031,0.10945481875510066,0.045810975412281976,0.12604185603954457,0.6872412686223937,0.08369437797874724,0.06153745484923001,0.2910173297510107,0.04160081026110079,0.13043575946836786,0.19558967786271175,0.03054056738120538,0.3300991748558604,0.055208309234037856,0.07184940418816442,0.04583994732242866,0.05985140643109178,0.0815659089924177,0.13097027925595542,0.19157352772709005,0.11846317680975745,0.27791815489999677,0.05471884699892939,0.25927732965457106,0.07608098195868619,0.10370785752123282,0.035021007609358897,0.04453795154800081,0.11712040248089202,0.024290564802548258,0.26245568643053296,1.0000000000000002,0.07750527598232573,0.04869918299170432,0.05328278881506987,0.03824242228604356,0.06961070404735624,0.06707288862337862,0.09170158609500163,0.029366351756501298,0.2920269500193994,0.07860602211848233,0.13782915307187782,0.07368067590661816,0.1218277505659866,0.08185950917403159,0.05667220240831835,0.06003863279320954,0.03341511975917988,0.685430872422381,0.2824091830874161,0.07243073186373997,0.0525888334581243,0.22841898024765836,0.08058714451108512,0.16585061974415327,0.08653310667544574,0.0332266911782203,0.0936921577982167,0.13003661236241837,0.019247182543017143,0.14055519943693975,0.5804336620979912,0.5453280780537149,0.06785423553828722,0.08739384842499939,0.14733323863703351,0.15643933531836132,0.11184328672039784,0.12886908643584327,0.16359932069280364,0.2084363314352846,0.09388731909661421,0.03783448965574688,0.13314165313249052,0.048249631127783146,0.09756190880759101,0.12564120197974582,0.04434729576069144,0.08824024751107715,0.180303718133059,0.05172001196865926,0.08330469895880759,0.13026962884556695,0.04367408241600472,0.07888402753646373,0.3049199176210494,0.050810776097564306,0.1672285866251318,0.3411316525637892,0.09733933781805797,0.0467641298722802,0.3566523602016097,0.09875416473435876,0.11366601202746199,0.3557762591876581,0.08772531882378799,0.13067560482751386,0.1856418663000913,0.29826199145597854,0.04371562999465366
U032,0.19484932582025222,0.16152509137707705,0.05390439407940273,0.07087312444416095,0.026480991947310607,0.27866414172238646,0.09034857461639238,0.08346031631435856,0.03481566430758245,0.03965871397853166,0.08511416844950351,0.06377965377239103,0.052328452267025094,0.053352147302211446,0.06464187238675079,0.6798157912799371,0.5502269083745946,0.04139372641864467,0.03871143130691507,0.3112930363273383,0.052802961070464824,0.05043190637280637,0.063371652923564,0.0701971176997929,0.06226459373744518,0.7005732354086698,0.039981790022119906,0.053467405177745675,0.16475273060493364,0.05375616385798749,0.07750527598232573,1.0000000000000004,0.03251667141599083,0.08574448337514573,0.07369665615635201,0.28147391628451823,0.06994871924178979,0.22832656737926124,0.133009637458084,0.05032353232603903,0.14066200589446565,0.06569599369798411,0.20828260633901102,0.22659260468104545,0.028054466601969294,0.05782512845659406,0.05363752812285294,0.06579731818623356,0.04772018643692459,0.05461677819446509,0.0915031236557774,0.7016589650836839,0.09052352838040688,0.4164961627899335,0.03187246014904535,0.28830093005786955,0.01764355745287049,0.019697381478007134,0.0594202278215414,0.04884541962189467,0.07298394042883305,0.02565179397004277,0.03729217362329582,0.02934993780252339,0.042037239109018285,0.07624666263733465,0.09302561289725851,0.3030713553748815,0.05751561252981185,0.09230728588256173,0.05959625333075624,0.05612168546068573,0.0508407200145529,0.06380754930204936,0.32915585637416445,0.06705325890743934,0.040788659659382526,0.11424852361979096,0.054087816800789515,0.08030860588929073,0.05713465852201941,0.03947655051496974,0.04709756964318487,0.15161927129199326,0.07337484352033632,0.09532890124884569,0.2670112797027364,0.024802223840610794,0.03933202488432381,0.01879527497770786,0.1295156105616187,0.032346808082902787,0.10176205821853138,0.05674772386387084,0.03228814553056483,0.1801438050545352,0.09653729987495276,0.08423441342966603,0.051165670669876165,0.06309633148826616
U033,0.11857967150240348,0.1516894521169007,0.02666760096665248,0.05084441700256197,0.08953977993807298,0.031121671744450605,0.07427765747275286,0.07216501382684462,0.05210026154769599,0.06595895466068533,0.06465036961798717,0.05296093593073148,0.75621573467265,0.6539469363433604,0.07505573733529294,0.013973324904195554,0.07644813335285026,0.15845750058858304,0.015114668860345841,0.06751478006523262,0.16777255034263677,0.03353952190986905,0.11689125507845645,0.32917942781565657,0.05452163331831585,0.03439445720920553,0.028325028976918548,0.031986339725017646,0.012819543123524898,0.17003234522807897,0.04869918299170432,0.03251667141599083,1.0,0.3804379618459795,0.06717636804665354,0.08853642567097247,0.282312313101153,0.02135244411867199,0.035365223476521254,0.04076307021815434,0.05003484250283682,0.06147234189340228,0.06926095440193962,0.03192318691625237,0.04283682748015382,0.03614380282029525,0.33861964719808785,0.3653642939561591,0.034239153168706904,0.16349094789692184,0.23972068435742555,0.05039785908273498,0.04254346189094615,0.06347308388923313,0.04383217539877334,0.05518594526909364,0.7360857733102324,0.14804769022386907,0.0322161323046208,0.40159843361711023,0.019009945523386775,0.040835423107809445,0.051168204248168224,0.08776917607604551,0.043410008115702246,0.09411355103718806,0.06730361564204083,0.07609934172191517,0.03851065103399707,0.039458210213539006,0.10025559908281129,0.20856758879765822,0.6888929717352187,0.06830032733750326,0.04032151019267656,0.027061063055951903,0.04155079637889636,0.09120067824137483,0.029776703235014065,0.0808277745313,0.34921863972662814,0.022693840576284242,0.032631845967548395,0.02835347414241493,0.27080200243774527,0.11001869542546333,0.02286334114143693,0.031021572724603794,0.01980375332452728,0.10596517762154471,0.0189752840569581,0.04703457836523025,0.06125658193672957,0.03513921227388118,0.11911245883193866,0.06910531431414373,0.08296067724294381,0.10899366256929861,0.052190839325511364,0.01603692827924422
U034,0.16678158329740475,0.123623780720161,0.04154759797607341,0.04050962386371779,0.07214471864279903,0.09761343516125036,0.12860709266615572,0.08809840590135408,0.02871618300587292,0.015163619952577001,0.12753610361221107,0.02648783012221531,0.40453607104906003,0.523892594589545,0.12261482722394447,0.06632607851950377,0.04088531747935261,0.08732540301199711,0.025647819579370658,0.10356298187746271,0.20980961456533898,0.08138397602903664,0.12194707465020527,0.1355418057984415,0.05812915314871777,0.06104614684423846,0.012818765920173138,0.04312192830562885,0.03245977568687189,0.15618000670520338,0.05328278881506987,0.08574448337514573,0.3804379618459795,1.0000000000000002,0.11469942861181504,0.08430606454343512,0.17740825685319625,0.08062670038975968,0.010963421394409534,0.08040524524696238,0.13548893533572087,0.0823493422276515,0.10140846541919733,0.07874066829326144,0.04242934259649109,0.0475532446424063,0.6133229121160761,0.6753388850359934,0.05264197745844055,0.13157368999043315,0.11968939277502175,0.08713333080500098,0.10858397332951868,0.06296195935968892,0.06769395007190371,0.10416163545962676,0.38317915363428295,0.13731971614551736,0.03999581055703102,0.5278346111651679,0.022150242705064167,0.04503150901709364,0.06190783326056367,0.09259763157988937,0.009489577622208957,0.1090944008700432,0.05364704558607597,0.2084180510646897,0.11795955085784962,0.0695877060950484,0.12292768849486317,0.1429530357341186,0.4325382736430576,0.05301471739077584,0.07473021333086818,0.06357271847698359,0.05185780381116168,0.10593436052075662,0.024251574709391602,0.04482416077593612,0.5276542698148131,0.0657391124802302,0.0730397573306643,0.04663895879264087,0.1635732713453481,0.08443850691120423,0.07603826423530338,0.018743110588048353,0.0734356267416885,0.08912070587760562,0.030833243516318592,0.03217886873412435,0.05763284911463062,0.06318319923595683,0.12666247222233787,0.12935973669525236,0.071663343450701,0.06946657491635554,0.06280660955603115,0.004493106908394172
U035,0.098791290832395,0.08554153770095019,0.062223288267148485,0.04795016595598743,0.06303551977467552,0.09049195131286626,0.0728149225979152,0.7667629446849205,0.05564919993578033,0.018461204540227948,0.8990766876736995,0.06194736619637979,0.1101189424319009,0.08465470774137554,0.8447145291215385,0.06761133166254124,0.05240838791881284,0.06189791046471318,0.0038817629395799984,0.1706112533401546,0.03599936801000403,0.04921345265692925,0.09284648190278952,0.1149569633920732,0.03419351497768473,0.03547391932285322,0.012347252760518382,0.040903525960907405,0.015175119115400407,0.03455403993472388,0.03824242228604356,0.07369665615635201,0.06717636804665354,0.11469942861181504,1.0,0.15662031139749874,0.10558266436231195,0.09738696979206854,0.02164607313236737,0.04802781655342721,0.13280617449925558,0.07466963225896023,0.2516313357260811,0.055637777658369414,0.054692490258475224,0.038140929262408765,0.1016756527332126,0.14935995541019567,0.014074514400965795,0.03447560781202893,0.10249329870670411,0.04815656376547239,0.09068363036342336,0.1162351676850127,0.022224305570058493,0.15081522264505356,0.12016437594146245,0.06348517866359404,0.06523806541796134,0.16709883194024533,0.04423040876600898,0.030326710131989294,0.04093319429916824,0.05592846584766248,0.026400328293235943,0.06160814199803951,0.03357955458209251,0.08313274385664715,0.03898167188898543,0.04394131040216797,0.07323881171281507,0.06611648528072567,0.1330790976118756,0.045949348278920735,0.06374296566973554,0.03532767240280442,0.043723696009406954,0.7758106998832031,0.054384842571668465,0.014841375538442253,0.14579276153240844,0.03361086572935199,0.038681992692656104,0.027154224880218902,0.11350430029499776,0.05556732960764969,0.08117874126046043,0.0016127414435214086,0.03086366095400804,0.05141521102837883,0.03871308424517808,0.06340046243305635,0.03185969857871396,0.11255050743584841,0.047966161052047075,0.2324090609902896,0.05187736060003802,0.06344068909656858,0.07524075400090074,0.04491986087309351
U036,0.5080962135693334,0.4017331176696722,0.12092330973892099,0.0829446889501212,0.06325111044671745,0.22806032786884411,0.14064192561793293,0.10889475071034901,0.07805292642451034,0.058401956022116924,0.19809516032600294,0.07908483636267305,0.08981283464726117,0.14252055279102674,0.15096378945810776,0.2037955852055129,0.1784579420190422,0.11376557790537106,0.026861769508995888,0.27195119365729736,0.13313741458481484,0.053903167611609015,0.10833511216291768,0.18317883956773742,0.0413843153257407,0.23186562585779505,0.05375175279796741,0.049844887229437196,0.039611263126582856,0.17590737767220535,0.06961070404735624,0.28147391628451823,0.08853642567097247,0.08430606454343512,0.15662031139749874,1.0000000000000002,0.16849509617314068,0.22998481570122647,0.033802926712966475,0.0911329913789798,0.24085063348872168,0.10095643246439438,0.2868059999969421,0.547401777032002,0.07723485234988092,0.034544625899146975,0.062127988378782556,0.07207279529252908,0.0797110177187314,0.17346381693481927,0.08813408965635545,0.2148071180481432,0.14655253497653137,0.34987621143944275,0.04250137498435188,0.22964188027299137,0.08413735070384333,0.06663759913915354,0.04244635955625893,0.07914526709792384,0.06995736133395813,0.05859149907156377,0.0783295921179051,0.046221643772017276,0.021740030705411067,0.07788524030281435,0.10484820629828834,0.6304816475507342,0.11804379513711115,0.08468537595356954,0.14078222878952654,0.09604241263186213,0.07950505884879044,0.11339462166318635,0.29946108727626214,0.0386438153920361,0.058178746704193866,0.12003211767020788,0.06790419627829358,0.06542553298227802,0.06437373779866314,0.06048633090743901,0.07656568950254075,0.029868712082456724,0.16518842225879032,0.13420579692744639,0.21942886224868963,0.035794010072419905,0.06896423608686963,0.10354332912220747,0.04713904448708772,0.050604863016038185,0.10894058235646178,0.0767017796057224,0.12755558235836525,0.24247141589283255,0.12776555232915032,0.1409879255349228,0.06035778098281053,0.07006897075500829
U037,0.22156882269001177,0.21375450282630157,0.03599040002328849,0.06322226461725076,0.0756966566165903,0.08922558334488319,0.1634862718682632,0.10507618514701271,0.04245397894509828,0.05425810309918919,0.09270515461858234,0.02108276227096037,0.22417064169080253,0.25305378578837423,0.11240091621423566,0.06034816574990687,0.06143016759240317,0.055953414556722196,0.039304189552713135,0.22222271059946336,0.15976801604875124,0.0737738474259432,0.17667011227841714,0.802897980007154,0.024465913100281234,0.08076996436730724,0.01026132986333762,0.03664610642996992,0.047873073247735896,0.13222163687432734,0.06707288862337862,0.06994871924178979,0.282312313101153,0.17740825685319625,0.10558266436231195,0.16849509617314068,1.0,0.07615389207331512,0.03341261255057484,0.06043893694429163,0.28292257684810107,0.08050034720762642,0.3010814918167212,0.1630828696580774,0.05285363234061172,0.11566697395407681,0.17297325930290777,0.14862086737967842,0.06914823219465908,0.14352547894082868,0.5893338138589798,0.07913200115487985,0.12286726282601707,0.05367570627413594,0.059564821877712254,0.2122354826370048,0.2887261103649606,0.0587854489887978,0.057718706270362526,0.15543249945991267,0.05009568000973282,0.07207828961759226,0.055224057186780154,0.03673171561943304,0.03879687145824699,0.06636343710256234,0.06507112929437021,0.1762252792207783,0.09498212886708006,0.0879014387960958,0.11205347999362796,0.4879708651427273,0.29899779701047696,0.062196346471121544,0.13498403087614091,0.05726176449840194,0.08086091377596633,0.06209947220977938,0.047942043253528965,0.06836459543812508,0.14752600970129948,0.030372969153490987,0.07604659421831828,0.05219355427918534,0.5854072922652981,0.059909683719073195,0.09224384586109205,0.033153807546704425,0.06950597158566894,0.08855418310278021,0.04943150792667983,0.021414532113813133,0.022975314926092918,0.039411224359441555,0.12054792720042697,0.29625058112374264,0.05487884808459095,0.08831051459942381,0.03827639069700188,0.024342576237335944
U038,0.2987242773267506,0.43622552651419194,0.09142000080600869,0.04530489882331645,0.049781955043756466,0.8157000219854161,0.05826992387532715,0.09748758282215743,0.027725980058772512,0.0666964160230952,0.11882771632120802,0.05592505053999533,0.06537077261361983,0.04683761810775268,0.11706314216981886,0.2667458766978607,0.1954463536952681,0.026679502368144127,0.029232042940296462,0.2515669240787765,0.030198723763248014,0.042224430002669615,0.036530583188880604,0.06525123042853004,0.031152224526119203,0.20696828135261613,0.03185296409544581,0.07802968951491995,0.05907346079442184,0.03959766863108328,0.09170158609500163,0.22832656737926124,0.02135244411867199,0.08062670038975968,0.09738696979206854,0.22998481570122647,0.07615389207331512,1.0,0.01233291832045409,0.06947411344850966,0.2771423463418849,0.032522587082455284,0.29828264595560094,0.2960984773189743,0.028590422856961305,0.08714647982183704,0.031314870159274415,0.05015036357744043,0.04889072787164623,0.059942020855040495,0.09593297730109296,0.19991784823260245,0.061622179364469655,0.6777453890852171,0.12024831966827607,0.36724131486128986,0.028623710787004486,0.051008635990094184,0.07230576286928092,0.0415780462629887,0.0989315928979142,0.05402154063565481,0.03137748841416506,0.05637728968467626,0.019494420406490943,0.0587305330417038,0.0749024673899752,0.18027611935046894,0.06384490646521868,0.08804891621513873,0.0414241489671162,0.10511485787279787,0.04690746021832028,0.026513809057334404,0.4487380639071065,0.07817928111357732,0.06853485253333806,0.08231429126530845,0.02940483477356847,0.028849937385845778,0.07989038622796851,0.04663671951780277,0.06540790819669745,0.006610061158163081,0.07051560593438042,0.0819659294891649,0.7836176298721141,0.06839209036660843,0.08901817351230004,0.021040961186574385,0.07680707562943088,0.046019571888466324,0.03350456317134258,0.11087568872916395,0.03499841019153745,0.3040647164595476,0.05757640757993601,0.034802715511573254,0.06465528791211891,0.007452200419227373
U039,0.02526895884411452,0.03507476955493098,0.014137760398152269,0.02501381005863997,0.030263298872999774,0.01978708629009837,0.04041040338100665,0.03199018417902357,0.032199044279031044,0.025703477436059156,0.0032275208651991894,0.05500948041900415,0.0437201567133841,0.03430827569921919,0.019147953894214143,0.17192272659825547,0.1958290040688272,0.019836437902264397,0.010531327014534853,0.08422183986110293,0.009458236886562986,0.034485449644205336,0.022608867239335688,0.04451291816471626,0.05121838554078178,0.08738619913209664,0.03860429411077708,0.0163953491982973,0.7381046335383533,0.028966115510634945,0.029366351756501298,0.133009637458084,0.035365223476521254,0.010963421394409534,0.02164607313236737,0.033802926712966475,0.03341261255057484,0.01233291832045409,1.0000000000000002,0.05209500316650185,0.05646288494952051,0.015916992067611116,0.08153783014326856,0.007875967323553877,0.013231092777878276,0.028779516112473758,0.040486142721059576,0.027826052574762873,0.03299475566437938,0.06137500129054176,0.03382340717858599,0.17355120792727247,0.03302261746375175,0.026925940707093022,0.03795435538942021,0.11744352191179168,0.02037896120330193,0.030563628601335373,0.0353576684869433,0.054297479723465075,0.04559956202067258,0.03434152069407719,0.03161111710055177,0.024998295077488644,0.0907072254287185,0.010081609576775502,0.08610566260507493,0.03673856377232951,0.019974168962826968,0.04876371230373287,0.022719529205776294,0.057172860075766774,0.011571525118532851,0.0260970845163088,0.0484284967149297,0.6237961505252119,0.01475483086389537,0.03828897835827616,0.06065020479113904,0.06418309356083778,0.017251503886428803,0.024360799837512135,0.021824316117167744,0.80666283331289,0.07098202587017959,0.041151368139128536,0.029031446463944236,0.04125877560533756,0.03646343639515126,0.06408227463395783,0.6391348581698444,0.019419953654893938,0.01811051627199061,0.016385209310275095,0.02716179585321941,0.09704518199187706,0.04612260060311072,0.030803849318140064,0.013778604998690424,0.07454988785556065
U040,0.06544988303249735,0.06925088547480579,0.08460610842416835,0.2501348299298384,0.1045111241444196,0.06088178653758582,0.08766995995752765,0.03310415682098909,0.039416842555820335,0.42178242249612985,0.0393588760814128,0.5658969376296871,0.05312151146550208,0.037830244303515226,0.032633203781895895,0.054438170519671585,0.03092838593878443,0.07960920106268507,0.5142435926144568,0.11455127997980076,0.13404257835854874,0.043763330970715185,0.09139465448395617,0.04790909956525972,0.10240444479955718,0.030439355031143825,0.11131167943919566,0.040559789887165874,0.02534459074351085,0.12755148040242756,0.2920269500193994,0.05032353232603903,0.04076307021815434,0.08040524524696238,0.04802781655342721,0.0911329913789798,0.06043893694429163,0.06947411344850966,0.05209500316650185,1.0000000000000007,0.05986674262927988,0.09454331078428031,0.07382110969766084,0.10246058111181457,0.051960418555424354,0.09684834916101549,0.10425249824128133,0.035884215841234156,0.3282598073231869,0.10267417497947746,0.067113938590207,0.055399775692443184,0.05079873739944449,0.06312331508919963,0.02751878274290046,0.15655288371195897,0.08291231941249853,0.15212599021503714,0.04877753689069331,0.09614151075061196,0.05261222501255451,0.14412834668851027,0.26134937374087347,0.03074351248482532,0.07187495534735597,0.07616187431081094,0.37605544347655556,0.06700904619759876,0.09880229420088392,0.04083357078358554,0.08606723596287905,0.06408851051020326,0.06565751983567798,0.09235097013648329,0.07062765952923039,0.034787657058398515,0.03182327839027436,0.0565485632557651,0.1062122145325141,0.5000798947056736,0.04766348247774772,0.060102801962161195,0.055985668302202855,0.04982110220603782,0.07766584120254098,0.05034471819824528,0.0600516572746757,0.5263560994755433,0.7418197691080789,0.049605494879387875,0.03357179033214537,0.5538727823590354,0.04093701008552863,0.0471024944385991,0.14654741205229868,0.07806928890026932,0.04266129819286626,0.07172240275417911,0.762077516123652,0.1081855916237324
U041,0.2531469378204014,0.26681381023538925,0.10255884422988062,0.06289555620551016,0.0557188682479271,0.2303559920934478,0.2107031943948539,0.1953617666475751,0.08227669177524968,0.07045923271715626,0.16473346491211358,0.06167240589952342,0.07177172117345043,0.09341391712549456,0.14225854789082912,0.08998754640503176,0.12130137138759615,0.03047120088636641,0.02863862344361292,0.5664330806719239,0.1162040438893612,0.0798460405815144,0.1926129635862392,0.1741302679286344,0.026460513830475256,0.12408378091378712,0.03751814274263158,0.11120985446122258,0.058284607322342245,0.09707744113232063,0.07860602211848233,0.14066200589446565,0.05003484250283682,0.13548893533572087,0.13280617449925558,0.24085063348872168,0.28292257684810107,0.2771423463418849,0.05646288494952051,0.05986674262927988,1.0,0.09991985508808399,0.45020152263179647,0.26664368994826637,0.07355388763637788,0.06880856387745755,0.08530814990920808,0.1039761365280471,0.08141430876430258,0.1409126535970789,0.24526949129418965,0.1215867693798746,0.2181279743654235,0.18721690940395605,0.1044387900801104,0.4984959066650249,0.06198290898199964,0.07743559070069886,0.07969189194073474,0.04537077734618313,0.09114483850021994,0.09153476088600405,0.07496476409305615,0.061266011614959495,0.043196466934820786,0.13706605966853774,0.15076702775086548,0.20719030178738748,0.08685252193370213,0.12133750925431894,0.21184707976076964,0.23602106865636177,0.04310741325878634,0.06458599889311575,0.2272481471445529,0.06477338894247184,0.10193850680176442,0.14447308898374123,0.0345515348243017,0.054149614647353184,0.12421457142317288,0.09533536111706827,0.09744632955496839,0.04644752786912272,0.16845970136070984,0.16195734603861947,0.24954402350662747,0.05775046865395158,0.08649184704526251,0.06902456222833941,0.0659790715637383,0.03895437145111136,0.0657937927608113,0.09221320402867375,0.14106841073312817,0.4348050027649276,0.09888760317550446,0.1563817373518957,0.058343075540907965,0.030406843665854263
U042,0.1256511660603904,0.0401871980733938,0.04658682467915697,0.17715864836322326,0.0802597388711904,0.04145619786064272,0.22888056632430745,0.058414352848573756,0.2728432263581563,0.08383184597437777,0.07308873142416654,0.07360046284110336,0.05639513390904387,0.07237291708481983,0.06490352571654953,0.04103515060931116,0.07034384818566941,0.07168584344541058,0.042127955860055716,0.12136708393857518,0.10957114927451421,0.55007487451235,0.13688056351554395,0.09454681744105141,0.08904250402048541,0.026718329789676205,0.04317780432440628,0.1276256838480025,0.02010628671310432,0.07093754693676961,0.13782915307187782,0.06569599369798411,0.06147234189340228,0.0823493422276515,0.07466963225896023,0.10095643246439438,0.08050034720762642,0.032522587082455284,0.015916992067611116,0.09454331078428031,0.09991985508808399,1.0,0.09038658081371606,0.1091496286949599,0.25533734960880516,0.09035727696036155,0.14046104223145223,0.04818566942250823,0.09809079038114638,0.06250259231104648,0.0719395248278052,0.029486163140238303,0.30881822850727814,0.05418978003220175,0.2808259116121222,0.13480906441845658,0.05014190373307295,0.07170519513835343,0.6893410719474331,0.05678417452071871,0.46085100143117314,0.10769502010618087,0.19009554625659483,0.09850022943243152,0.05653916697274176,0.2831216959453488,0.11277961413200027,0.051632010369982065,0.06843424244212692,0.5462198212894503,0.31216257958325844,0.029745857501765165,0.04826391321655456,0.05551705627231818,0.08307724259090156,0.06284299336213679,0.14033130016570589,0.06504765131040192,0.06677102370244449,0.09827254207022243,0.10529371638799047,0.1458735775540665,0.13174694251033692,0.060673164736748005,0.07226545135013852,0.2778455295499568,0.03726005084735909,0.08141516635367631,0.09468576737251314,0.04963537118869375,0.00944459384743853,0.09946748651855786,0.31319506658710355,0.12896533909076358,0.09709939608695536,0.0941106787685669,0.051031735729797544,0.3301591112332214,0.14237241977632165,0.05917847998647855
U043,0.2567103452603797,0.21487104694043824,0.08054126449168122,0.09848012042026463,0.06660745492992506,0.26898317106749037,0.11847627571773842,0.21850871836305194,0.0901746818755945,0.047865656398878215,0.2770983954409724,0.08113409614522432,0.14051443388672252,0.12199993285109725,0.23360145607867377,0.16667145023741234,0.10202006420722792,0.07052920291143631,0.021866130677850773,0.4752090166378283,0.10995028948296136,0.04373771259389544,0.1532212117941691,0.2866422378229991,0.1000720047920711,0.12452796729698476,0.019819159218742437,0.06095885342219901,0.08988592301792175,0.1315870341810299,0.07368067590661816,0.20828260633901102,0.06926095440193962,0.10140846541919733,0.2516313357260811,0.2868059999969421,0.3010814918167212,0.29828264595560094,0.08153783014326856,0.07382110969766084,0.45020152263179647,0.09038658081371606,1.0000000000000002,0.1126872196899052,0.06523278769320658,0.07843049508926156,0.0763343633262139,0.09150980530793282,0.09316646364673835,0.1736889152774377,0.31387341189291007,0.1465950131574603,0.10764528346757926,0.24759965874149573,0.0909949824439956,0.4720734285577113,0.06033825491168005,0.03567228481500957,0.061937153754594756,0.06819059622637644,0.06958661266704891,0.05757732509284689,0.07966203842919567,0.03464976910140795,0.07633616283640285,0.0312737998251673,0.05202234771129059,0.2455811941724654,0.08637860649172395,0.05393315047932435,0.08112564800480233,0.2973182134526131,0.08387505704658442,0.07455656998795404,0.12594802152042198,0.05445605126131219,0.04692433213151986,0.14607057914151422,0.08470507574037836,0.028642528665736897,0.09832778934984655,0.03561910940013008,0.05250438804852557,0.07215170798497511,0.2875108639665137,0.08050342938724712,0.2654705876755929,0.030986022595348627,0.06575346341881916,0.051103870149263965,0.06859659666479039,0.05332410175584168,0.05796207261856723,0.1672809075713966,0.1297628066550437,0.8628587825664937,0.12314640142353268,0.09410240721261266,0.06478112028589933,0.08469755697766938
U044,0.5970327462819797,0.489820819403134,0.14689643364658825,0.08383919438334057,0.0864076932436377,0.3375136850759822,0.09259930020572887,0.04375839954919528,0.05979380344696217,0.03210508341975501,0.04831185743701566,0.06277813677902741,0.03886762844165726,0.06695759023236354,0.05819197689912471,0.12465748719592165,0.18568269455361294,0.13487393480809962,0.04767716287241177,0.19557699009912913,0.1016153284898856,0.0418597919496574,0.12776429918105198,0.10165660437928398,0.034403546726240034,0.18175388170566104,0.02695076603012974,0.0592979933635784,0.013590957556523352,0.06563589550031924,0.1218277505659866,0.22659260468104545,0.03192318691625237,0.07874066829326144,0.055637777658369414,0.547401777032002,0.1630828696580774,0.2960984773189743,0.007875967323553877,0.10246058111181457,0.26664368994826637,0.1091496286949599,0.1126872196899052,1.0000000000000002,0.06799605630542668,0.07284797717497592,0.0827272974253666,0.06264678929894994,0.07525452509083871,0.06787915226729488,0.09193334835396563,0.20585753481054614,0.10505523338978709,0.36486773596930633,0.054388700160751306,0.22014877613051026,0.06108563977531695,0.091881802220703,0.06374985163126205,0.03164546502039753,0.06563815080989256,0.032508582619414264,0.07033967702551629,0.0820325116683826,0.04067510288079032,0.08284862708734672,0.0671433787058236,0.47687725862700747,0.14230008340118644,0.06905645589374458,0.09654544534307667,0.058556556307072474,0.04705512954943264,0.14936930362398224,0.37701392176105664,0.05176473262682653,0.08835742406762856,0.04705460456028653,0.03631421427959199,0.04644926505457368,0.04270202982161852,0.053514531588606556,0.06628998518701788,0.029423954631275853,0.07310039727072472,0.0822363479166455,0.33189009659883695,0.04811954564558336,0.07853626740420366,0.08929752803258709,0.02157877082103483,0.09884438985503544,0.0761535674933522,0.0847629023865749,0.09671101408646868,0.14497874669145835,0.10556307264804443,0.09278757061143113,0.13583986568736797,0.02220950228675473
U045,0.08359995812843242,0.025375810656597744,0.04277062327824331,0.10024208005206611,0.041420235482122515,0.02836551023822702,0.2351903447422829,0.02594233051112638,0.9026075600748479,0.04958819942697719,0.049027577973400044,0.07774125345696326,0.05426525521861281,0.023325430467709202,0.05829152001851245,0.04318659633932497,0.05117152909895867,0.057462451617886566,0.0732349071215675,0.09926165977722554,0.0961116497865176,0.42015053371341754,0.11257482220765233,0.06615514485170816,0.06171624092537917,0.030630092650074537,0.08594477777429967,0.35553863811002356,0.00471205605333091,0.11048840536623872,0.08185950917403159,0.028054466601969294,0.04283682748015382,0.04242934259649109,0.054692490258475224,0.07723485234988092,0.05285363234061172,0.028590422856961305,0.013231092777878276,0.051960418555424354,0.07355388763637788,0.25533734960880516,0.06523278769320658,0.06799605630542668,1.0,0.06690867887885332,0.051186360038425985,0.064821997897767,0.07122378561868814,0.07240326437508733,0.08059129558738243,0.041906537791386714,0.40232967275405546,0.06618072777365898,0.5613769832309916,0.08751662199207824,0.03157951694981596,0.03666230882047012,0.33794346621225646,0.05073392913622842,0.3748139115002142,0.09619879256137705,0.09436966495210744,0.03243721325114664,0.07312122891246117,0.4674909468600306,0.09925086901974206,0.040669001388008344,0.04734625264099597,0.39059377113460575,0.4254721611962616,0.04366510716400223,0.033719849829901984,0.06013029109821636,0.052495010989346294,0.03917515812786744,0.3736997369141857,0.05011265370280317,0.055872688881652054,0.037206540033602194,0.031000645279780286,0.28231930147177636,0.3133184485946352,0.07744529695763883,0.05313992514404031,0.34986898593017346,0.04030628475988263,0.06850617615143453,0.05635397224978294,0.05812695959991829,0.06719593414426578,0.08126878544960661,0.7017734207303862,0.318175943578507,0.08548052628319251,0.07912180420409883,0.03983046231151308,0.43405286759054024,0.0691680134114708,0.0499705477948853
U046,0.1035186184421869,0.044152048958244046,0.044339547314600616,0.08448978066634388,0.6009300106397983,0.0190405944482728,0.06906369686631281,0.02130971672634043,0.061125781246535296,0.13014423595533278,0.0416924182416817,0.10115166476225321,0.07529695753476176,0.06125774531156458,0.03788355833863818,0.0772598323358384,0.021370756160847965,0.06276026258866345,0.11838227773995232,0.06003202570367733,0.06413535193536408,0.03400114768985843,0.0900474078648906,0.07101571973457435,0.04603290954565509,0.022240605247863518,0.02069685597706701,0.12383146539306074,0.05602918927754082,0.0696627201252709,0.05667220240831835,0.05782512845659406,0.03614380282029525,0.0475532446424063,0.038140929262408765,0.034544625899146975,0.11566697395407681,0.08714647982183704,0.028779516112473758,0.09684834916101549,0.06880856387745755,0.09035727696036155,0.07843049508926156,0.07284797717497592,0.06690867887885332,1.0,0.05247711847496848,0.04504551069292616,0.04673617887445111,0.07893938687979797,0.10704869116954555,0.056908565577288434,0.06448914089709257,0.011188143252400083,0.03236478819755399,0.10851362306460774,0.05798537951444499,0.4771114334802295,0.06015260259560972,0.055314515058795095,0.050018844712424765,0.039633517476049006,0.10396575942236741,0.5711664957321666,0.04511694439554445,0.06767815378936289,0.12407088523382524,0.04242064519598417,0.1312352151320841,0.05343691113254068,0.06071711765578143,0.09021593351521885,0.053513749825014736,0.09055882547311178,0.05042143640934498,0.07270812191377231,0.10921516376972011,0.0381914820788746,0.04617818396107731,0.0896547410971176,0.0706228871689202,0.03713380239885352,0.12298677219198638,0.046106610473142295,0.11768605449667663,0.07488594855047553,0.029845089495340538,0.11799523946099698,0.07635747382904393,0.5691872360315542,0.0816948056486278,0.11146388680324171,0.08215976136036283,0.039494755312819464,0.07776138897683546,0.06141685928317393,0.0718502700004346,0.08409830168659155,0.07559344666266753,0.03869566210528741
U047,0.11722635277326346,0.14857591291670197,0.0864497226326346,0.08003484887863115,0.06047894417806948,0.03967607156369623,0.11213938206516608,0.07052440802632452,0.05046792022572503,0.02206877424852162,0.10498693142376,0.05724674666817824,0.4375119294810301,0.4639029017507317,0.08054308299309591,0.03291276983307883,0.04271324402521512,0.11287149111524392,0.03815396076794354,0.055927133875793046,0.2085125622375445,0.03400720450558928,0.1557674842289964,0.20025549884317428,0.08374127764719307,0.019020695971465704,0.02100264962731386,0.07055636161547789,0.018589454111026922,0.15898222878462542,0.06003863279320954,0.05363752812285294,0.33861964719808785,0.6133229121160761,0.1016756527332126,0.062127988378782556,0.17297325930290777,0.031314870159274415,0.040486142721059576,0.10425249824128133,0.08530814990920808,0.14046104223145223,0.0763343633262139,0.0827272974253666,0.051186360038425985,0.05247711847496848,1.0000000000000002,0.4082919199037327,0.04940919963728263,0.1505118614599965,0.07534021009295783,0.0278237325560377,0.09445872525677014,0.03762573435441684,0.07099639105192106,0.08632485310681645,0.4402315201459822,0.10803112046328477,0.12991930758261422,0.5396979503551472,0.0671371964231392,0.018368334142772093,0.13168629792994288,0.07036479455010355,0.02469358456311208,0.06245453362642218,0.05174304336665239,0.10881312529354595,0.0614916751424971,0.104270297962867,0.0741898260778451,0.08579298928536226,0.4346838829790855,0.047186396486215816,0.13067868390866605,0.055420132007208064,0.04515848587298247,0.06811472869505053,0.061182795023728795,0.03474538621109395,0.42504272488525024,0.07768737173813217,0.0752781528060224,0.10241860415396148,0.18829107449478094,0.05829396211173734,0.05850753454990111,0.062855995081389,0.10445593186049408,0.12111515078536682,0.022809221279048105,0.06300788811982332,0.043839311397647004,0.07938066920741754,0.12896595556529641,0.09574795541891584,0.07912435970739615,0.051705809621580036,0.12913066403633297,0.04932637204506788
U048,0.15484952036673083,0.10912656745419709,0.03972695821936664,0.06028217578407742,0.07342474208158997,0.062279900227806634,0.10776142809474538,0.11820010714486828,0.043322336226630315,0.07217127813225124,0.1357431869974884,0.06443176620974225,0.3517908179200247,0.4442409085766124,0.14320175703609928,0.05351322570214029,0.0721104768665247,0.11034711778630124,0.04216554660848157,0.1301323973089756,0.16222990715367025,0.07346362989654731,0.11986124438438865,0.13858848676156676,0.06504568195224777,0.056147053717387055,0.06930624800946994,0.05118032269071473,0.05165308272883446,0.11314111213886914,0.03341511975917988,0.06579731818623356,0.3653642939561591,0.6753388850359934,0.14935995541019567,0.07207279529252908,0.14862086737967842,0.05015036357744043,0.027826052574762873,0.035884215841234156,0.1039761365280471,0.04818566942250823,0.09150980530793282,0.06264678929894994,0.064821997897767,0.04504551069292616,0.4082919199037327,0.9999999999999999,0.017169923788243037,0.10178183216273565,0.11316961999540671,0.07866971172840258,0.1016710075131031,0.044986266272257956,0.05031049946301287,0.09191408184501029,0.3439376840483554,0.05806160822742233,0.0616178836097042,0.579905463173913,0.06592797361251859,0.026747071604545435,0.054231065149741714,0.07262695898394224,0.055386123783140256,0.10781140330936094,0.061121798379870126,0.17017162235383723,0.08861065487825308,0.055270816626513765,0.07897943236037172,0.1488236667160081,0.44585780651279483,0.05574875675590478,0.03490057434025298,0.011479685553366679,0.04734299527669024,0.1296645836874994,0.039949251284335456,0.11244372723729024,0.6820112879227658,0.029374572477483454,0.03114653671292209,0.02447990628581806,0.10510947880393487,0.057760159184155196,0.055388276582578534,0.009913366496837354,0.06477258434822906,0.09295884187484396,0.041685520693461924,0.04428440971392871,0.06019433463885141,0.051014291001336545,0.07791876819128943,0.09677136375582884,0.08104693830252219,0.08945942458235713,0.06092617780271825,0.04933716654810734
U049,0.0770600522452266,0.03472220602469095,0.09549620548269379,0.6879836048755478,0.055541478525220817,0.03023104716286515,0.2294248924993492,0.020142250024288506,0.10093292006467179,0.1848665747803287,0.048228746556063226,0.3670221983681878,0.05806476720061372,0.02597146399546575,0.046077367188104734,0.017856956978548114,0.019386202976636575,0.08097289811701852,0.1896988153470853,0.1358133978148358,0.1755002981688923,0.04022842731454045,0.23569175233553524,0.051373549174645476,0.08142049064129804,0.03601326303968408,0.023361299272423412,0.05130998749972883,0.044152227939200435,0.24064464385868145,0.685430872422381,0.04772018643692459,0.034239153168706904,0.05264197745844055,0.014074514400965795,0.0797110177187314,0.06914823219465908,0.04889072787164623,0.03299475566437938,0.3282598073231869,0.08141430876430258,0.09809079038114638,0.09316646364673835,0.07525452509083871,0.07122378561868814,0.04673617887445111,0.04940919963728263,0.017169923788243037,1.0000000000000002,0.2684674021607647,0.07708047140506369,0.0359382940468329,0.17654371498688856,0.052417354649625186,0.08846234086646886,0.08175590238912339,0.016104901719367355,0.07043877605951875,0.044519342201145035,0.023575403130204543,0.03285459053626721,0.6380234986039609,0.49496238532123077,0.042811314271651774,0.06102751084504122,0.112370315932099,0.10332679321542051,0.06546606915027951,0.08991486242006395,0.06750577900423219,0.12218050863578694,0.0775433022135507,0.05919667117323355,0.08414673246082621,0.03770838594630541,0.03742852583788318,0.07484256989413063,0.03901795819733606,0.0457989461770177,0.20254200977531822,0.02171966623107442,0.040798199364007075,0.0589010592841371,0.06019637198486253,0.05515017998872838,0.22044074834853677,0.031145459549969723,0.18841536130861036,0.35956114255286886,0.0763509449353876,0.013913657584311068,0.3486043399849044,0.05267964473238078,0.054269073238446125,0.3346046810581887,0.07331514440301583,0.09113106352446455,0.1297792183135423,0.27977004078720735,0.01859625591922461
U050,0.10255349350994926,0.11549021555201343,0.11560951175427348,0.25501832372787614,0.0419470400298441,0.04348762359029385,0.11236154206157623,0.02932115065281661,0.09847645916925941,0.07869295503836957,0.055271488539163194,0.17999539997237923,0.16984676035852767,0.2703109754676425,0.057970247477928595,0.06524333023144928,0.07210857015020482,0.1520419575362059,0.05207643191343044,0.16715205436433117,0.6643095305678406,0.052234806832256966,0.5165924916961078,0.15057954466826914,0.1315007211412336,0.055508720656837526,0.05165899981256786,0.07502605377925711,0.07573882234852784,0.8849865516701818,0.2824091830874161,0.05461677819446509,0.16349094789692184,0.13157368999043315,0.03447560781202893,0.17346381693481927,0.14352547894082868,0.059942020855040495,0.06137500129054176,0.10267417497947746,0.1409126535970789,0.06250259231104648,0.1736889152774377,0.06787915226729488,0.07240326437508733,0.07893938687979797,0.1505118614599965,0.10178183216273565,0.2684674021607647,1.0,0.09841501436121819,0.04510460681524647,0.1597663249346386,0.05798536221801446,0.0526008938515735,0.09951119865246948,0.16722135078424305,0.05294041179339776,0.04472644567276953,0.10140354784198803,0.05530288800411425,0.28169802693370094,0.22171490117341996,0.05424023958369969,0.10676741873402194,0.11314773111538923,0.0458390809236763,0.11328566239117421,0.14493393482969721,0.04137383415296977,0.09888103074172885,0.10641659839436102,0.17796571734145647,0.15264209567089196,0.062494148020331534,0.1041569098404288,0.08196401014601985,0.04945234387471384,0.06800025189501985,0.03952515900728742,0.11377749271783388,0.031235422620124,0.06596249185267913,0.06348612278808999,0.2140589947731074,0.09553122666974663,0.04366833436040182,0.05285478793719375,0.22327403628824602,0.05695456602201492,0.09982640344342752,0.15082613235181588,0.08361166375018202,0.04904704930298644,0.7853503388084435,0.14191950007924176,0.16047134802489108,0.18912780227545403,0.1108504436835615,0.04240545860579148
U051,0.1686713173422447,0.17443080659788215,0.04319702042319321,0.08312965180370654,0.05824604241599968,0.11426888253627211,0.10247821323310684,0.07604394017163572,0.06670970199035123,0.24800322668648242,0.06016454561631581,0.07414693751704672,0.14757594903535207,0.14188638619385752,0.13293861688383182,0.08378010117479869,0.03395390079216857,0.048973168633277275,0.12232563339620665,0.24694745030574336,0.09624504491141822,0.05971934109377836,0.21113134453740529,0.5662946312405668,0.09727774331113653,0.07989552142408192,0.026393218217810436,0.04221063407510357,0.049981415704671975,0.07797099785104608,0.07243073186373997,0.0915031236557774,0.23972068435742555,0.11968939277502175,0.10249329870670411,0.08813408965635545,0.5893338138589798,0.09593297730109296,0.03382340717858599,0.067113938590207,0.24526949129418965,0.0719395248278052,0.31387341189291007,0.09193334835396563,0.08059129558738243,0.10704869116954555,0.07534021009295783,0.11316961999540671,0.07708047140506369,0.09841501436121819,1.0,0.11632480479658344,0.11170987881994429,0.05505025830346869,0.03772106900268803,0.21524809421367655,0.19315413055914413,0.043297354106638306,0.037707954019393315,0.0730960208685871,0.025578564110899506,0.12952102709830177,0.09132947488920637,0.04582872531629009,0.0890475314911656,0.10474956300098535,0.21422313229688955,0.1586081725504486,0.047567539986583515,0.06738875679247623,0.12497378334866868,0.7349202567955015,0.21564497630254303,0.070365596164695,0.08688680873444105,0.0672045306546183,0.05267054969050618,0.05847777112119205,0.0508392655840068,0.16732539435804814,0.13738749609629214,0.04669697105551615,0.05099260399561307,0.05183308913477369,0.6455576958150783,0.17003873038309936,0.11317321405383252,0.13841171494849108,0.12527670229918259,0.06739502599095933,0.020690567162714626,0.0724302087752655,0.06430153278883219,0.03977651084774504,0.07430770728196248,0.3059946506396295,0.0910656264703423,0.14668634350346826,0.06607680993795431,0.03427403824727838
U052,0.15772594301392764,0.15991038542499253,0.016183541637741904,0.0817870511005746,0.0088827789177268,0.2331472259800043,0.045947356537326636,0.07187507474325841,0.02498254678355974,0.05363463603853521,0.0533036864768744,0.0301804324086957,0.03186756036520204,0.03144273867383692,0.046201353292214316,0.540630735245171,0.4728768390842777,0.022014263536249908,0.022898615103324648,0.227667887496546,0.03858151871899509,0.04974567185153906,0.043380007369135214,0.04839350096642719,0.07603821307701186,0.6154524437292205,0.061857685859257834,0.03703729135389564,0.20933573993592447,0.05207453039072467,0.0525888334581243,0.7016589650836839,0.05039785908273498,0.08713333080500098,0.04815656376547239,0.2148071180481432,0.07913200115487985,0.19991784823260245,0.17355120792727247,0.055399775692443184,0.1215867693798746,0.029486163140238303,0.1465950131574603,0.20585753481054614,0.041906537791386714,0.056908565577288434,0.0278237325560377,0.07866971172840258,0.0359382940468329,0.04510460681524647,0.11632480479658344,1.0000000000000002,0.05232453937861742,0.3006449688990407,0.021020904601947363,0.2295807872790702,0.024949839430031467,0.024174049475877164,0.024419762265783115,0.04023597070235135,0.04229059659483726,0.02713514888979239,0.03217710621717177,0.02441701621255847,0.08095324340853227,0.061922352601316906,0.14558099109178638,0.2697446322199782,0.029992131044955597,0.09465820290677641,0.03119830600333908,0.048530195851143404,0.022637811283516933,0.0161911145834599,0.36180670235149737,0.06271387265643771,0.0380814335114761,0.07000135847953026,0.05071032604006645,0.10229441932792727,0.022174732530700975,0.05751771875877758,0.036212859701406204,0.16381689098713872,0.07865133524148128,0.08041175682757734,0.22805227388301438,0.011670093083272895,0.03634050563537488,0.04900955458524499,0.17648673906435425,0.03767334770205645,0.06551601958667523,0.030985378429188713,0.028415756438456008,0.12550581947327297,0.02169111259179869,0.06401894453652085,0.06592696723355625,0.05947088707214672
U053,0.19028798706687836,0.10629084593662134,0.03012795674323926,0.29340074709075803,0.07849756805752722,0.06402432901855584,0.6531373705348347,0.08320717273495346,0.3758300335332444,0.058992449667974546,0.08460811505714258,0.1009995812715474,0.0755261789270094,0.07720356842577823,0.09106557562196517,0.03859955019888556,0.11197866194658265,0.10441045291381966,0.057721728182321935,0.20083076043903722,0.15391535402555032,0.29212701082008474,0.1939490899774893,0.11126999980405719,0.09833353714594194,0.05198165961771707,0.03100754442419492,0.23974762326282428,0.03657654074159522,0.1609398281204185,0.22841898024765836,0.09052352838040688,0.04254346189094615,0.10858397332951868,0.09068363036342336,0.14655253497653137,0.12286726282601707,0.061622179364469655,0.03302261746375175,0.05079873739944449,0.2181279743654235,0.30881822850727814,0.10764528346757926,0.10505523338978709,0.40232967275405546,0.06448914089709257,0.09445872525677014,0.1016710075131031,0.17654371498688856,0.1597663249346386,0.11170987881994429,0.05232453937861742,1.0000000000000009,0.10206331236092411,0.29884742429490013,0.13459809987249416,0.06255500515896611,0.12335366686440027,0.35096535598211787,0.05182763549509064,0.32315232891505996,0.24959694132879245,0.2309502774795624,0.06388674434092587,0.056038496536383146,0.27763174439897703,0.09668188786905857,0.1425409794011096,0.09586656586209147,0.4224138665277541,0.4233250665567193,0.12196117261610655,0.1178045140908005,0.05910932632996333,0.1754239765995692,0.06993373607423718,0.2579156126617332,0.07985522557354251,0.0655061818267578,0.05178913014306089,0.07228703093472419,0.1287755660415028,0.21954753797037033,0.07225807800321343,0.13240848027198984,0.434950886057319,0.07208012810185015,0.034727790686781765,0.07307330975415907,0.058620115954161146,0.036561133395388315,0.07961626707552205,0.3373306296901315,0.17515963951347044,0.13650201169763893,0.1042795104573907,0.07322420993294888,0.49728934262242985,0.08882679714605023,0.045286721724693314
U054,0.254438182124772,0.37299370572840634,0.052162912791820316,0.05631396270899443,0.029024519513952865,0.7430059738088499,0.10693080064622569,0.0637165985736747,0.0726030725785098,0.03353774788663181,0.12488982320205055,0.07000540576732651,0.07351193847115792,0.0715446630700415,0.06849693337460662,0.28942153753234473,0.3515963875445241,0.05215625527720888,0.024413984730651348,0.21643961629685,0.03665748744033801,0.02712941522427796,0.04625623401513513,0.06047105738632956,0.03794919804781654,0.394783789477599,0.04010117138913314,0.04625663625388202,0.03541469519914626,0.07127446926686112,0.08058714451108512,0.4164961627899335,0.06347308388923313,0.06296195935968892,0.1162351676850127,0.34987621143944275,0.05367570627413594,0.6777453890852171,0.026925940707093022,0.06312331508919963,0.18721690940395605,0.05418978003220175,0.24759965874149573,0.36486773596930633,0.06618072777365898,0.011188143252400083,0.03762573435441684,0.044986266272257956,0.052417354649625186,0.05798536221801446,0.05505025830346869,0.3006449688990407,0.10206331236092411,1.0000000000000002,0.05640207205721505,0.21198824885239687,0.020407965277485306,0.03519881897772132,0.029172891838911103,0.06278580037218397,0.03747910470816197,0.04283250075221564,0.03603247502265154,0.04673963216261042,0.056357258940335254,0.0632448220475862,0.042791304646493535,0.2603013002200903,0.04965472353063036,0.04762776903945386,0.0961796416459593,0.0413680740993056,0.050139387675233266,0.05980142274667868,0.612298918622259,0.019023401199882967,0.043064620547044,0.0735716275000354,0.05804306677834166,0.04739720556396497,0.0434516150255911,0.043254951459287955,0.04217717852836983,0.018824591799455302,0.06551445614019419,0.10460570318558346,0.7428536439469517,0.021792080075163745,0.02977177014988294,0.037119054349612365,0.08327832114922994,0.04145627954226431,0.07632890890056958,0.08276723070274099,0.04226242408781245,0.24159162572896986,0.05532650991592254,0.09358009405565634,0.05664314502043999,0.03964376433576576
U055,0.14912312579217568,0.03110467093852694,0.025603260710276004,0.13434472702027628,0.035550072928149955,0.06684609145132554,0.2115408644302303,0.05102463596313908,0.6012100692184557,0.03019277494680018,0.051362791618744526,0.06171485001953596,0.05072888743349486,0.04832994381053425,0.01958112022369759,0.10331928795003464,0.07073046561413493,0.054977847521055986,0.06256571179520937,0.07450218307345285,0.08415769791164252,0.30916542143222114,0.0916475701643634,0.06965140976462918,0.0851720822181498,0.0070927026328096564,0.08784890450252217,0.20568786626654714,0.035860288324217546,0.05476711602968021,0.16585061974415327,0.03187246014904535,0.04383217539877334,0.06769395007190371,0.022224305570058493,0.04250137498435188,0.059564821877712254,0.12024831966827607,0.03795435538942021,0.02751878274290046,0.1044387900801104,0.2808259116121222,0.0909949824439956,0.054388700160751306,0.5613769832309916,0.03236478819755399,0.07099639105192106,0.05031049946301287,0.08846234086646886,0.0526008938515735,0.03772106900268803,0.021020904601947363,0.29884742429490013,0.05640207205721505,1.0,0.09208738951135147,0.045569221394930665,0.07512534279756246,0.4421194004018868,0.031149043750033124,0.46993289867104054,0.08101953494864889,0.15127369194155035,0.06886944206453725,0.06704032509256577,0.4079296753297619,0.06586201008914193,0.05893751603222264,0.06276167311426269,0.4460785573694064,0.29320220997860263,0.04178821553181242,0.026586388939735202,0.027374794893944045,0.053975929416912,0.1470921458383979,0.23093410419217517,0.04821178029991532,0.04424546495842893,0.06008777341252233,0.06838812334714299,0.20387234816901312,0.22575829039033257,0.08318035799904838,0.051824812607292346,0.32062150661214306,0.07983074762624918,0.05380095730303057,0.030512578154201837,0.048454921966325115,0.0801997553968657,0.06041888113038988,0.5437889490155212,0.4471877701085251,0.054368257931608543,0.09844194822360482,0.050534592302101534,0.3371128511159325,0.06166643648832822,0.04672453173534521
U056,0.2229092629635894,0.2720833720014365,0.09440588385930433,0.08293935637957482,0.05755234476403871,0.27626818455154006,0.15023508369094968,0.1691329258744233,0.08026162554235426,0.17669749654789285,0.1564462339558925,0.11993179433372733,0.06198283797891515,0.0966960877427397,0.1500125520011182,0.20695154404283125,0.2114451683756825,0.0900456547383272,0.07329577510347107,0.7339054414923868,0.12471204570478141,0.04296157159214078,0.12472991079249328,0.18176587447211262,0.08337677667992167,0.1521928843057298,0.05210744270820268,0.09480325216676683,0.0705202888613095,0.08163113867179425,0.08653310667544574,0.28830093005786955,0.05518594526909364,0.10416163545962676,0.15081522264505356,0.22964188027299137,0.2122354826370048,0.36724131486128986,0.11744352191179168,0.15655288371195897,0.4984959066650249,0.13480906441845658,0.4720734285577113,0.22014877613051026,0.08751662199207824,0.10851362306460774,0.08632485310681645,0.09191408184501029,0.08175590238912339,0.09951119865246948,0.21524809421367655,0.2295807872790702,0.13459809987249416,0.21198824885239687,0.09208738951135147,0.9999999999999997,0.06725973223739608,0.08625997833030892,0.07372132935085897,0.07780625638203026,0.06657471364073947,0.09200030313499719,0.11041140398829317,0.05221070781810602,0.07062998098900486,0.11461931573987355,0.20571031754312785,0.2639223452933362,0.0855805421962189,0.10282655591682284,0.07757810384686285,0.21252062519511186,0.07636477727314198,0.07667857042109238,0.17163648620818905,0.09687897646033634,0.08849308756260502,0.1585391312640743,0.049075170235824965,0.1175048274769479,0.09101641158221066,0.09808478199738198,0.12270198638797818,0.09605087511473462,0.20778682436999676,0.15002108630901032,0.27771733105321583,0.15970200387560288,0.16888566720429865,0.05890055560010596,0.12212887613206636,0.15721906410343078,0.07962773652082392,0.12415748418457312,0.10581221368262272,0.5010359631922641,0.10607798338361371,0.11129211549863266,0.11890301965688196,0.051534534124621306
U057,0.12649232546126055,0.18073047680197324,0.051244917801731675,0.06279216196602418,0.11479437059531288,0.04139439889348031,0.07677787679430023,0.07286045851310337,0.025704467458105718,0.08812109299864389,0.11293562364409386,0.03435311968218624,0.6125274736823427,0.5822252433832521,0.09133482068225282,0.03240031101181866,0.040971104411162855,0.2020351590461839,0.05048928831580309,0.059054602872356934,0.22666482883872013,0.025855912680557806,0.1381487553036762,0.3303591326170739,0.029007850149446117,0.027906384107432618,0.03667405480752097,0.03838729604863496,0.0231067574260143,0.19483819782394074,0.0332266911782203,0.01764355745287049,0.7360857733102324,0.38317915363428295,0.12016437594146245,0.08413735070384333,0.2887261103649606,0.028623710787004486,0.02037896120330193,0.08291231941249853,0.06198290898199964,0.05014190373307295,0.06033825491168005,0.06108563977531695,0.03157951694981596,0.05798537951444499,0.4402315201459822,0.3439376840483554,0.016104901719367355,0.16722135078424305,0.19315413055914413,0.024949839430031467,0.06255500515896611,0.020407965277485306,0.045569221394930665,0.06725973223739608,1.0000000000000004,0.18704239393560382,0.04723175667732169,0.4338849152439063,0.09542983678779364,0.04760845977075147,0.08191467283823153,0.0859171314344625,0.02564018228605093,0.0744697809266926,0.04582617392672701,0.07467151202828057,0.04340662938702277,0.04663691070775146,0.07513368615954724,0.18350803964524515,0.7227219484882782,0.08245566636292093,0.05236735598456318,0.04420445055058245,0.025232408311073484,0.08858435552676022,0.046364491420174285,0.08345435487555643,0.3464939106190637,0.020777007213838346,0.019370323994579407,0.03791125460168302,0.3031459312235873,0.029543196501286645,0.04045847734008947,0.05556765826577044,0.0784128675045889,0.095139421384154,0.018989674467408305,0.04591466401094294,0.03122676640995509,0.0906609558617309,0.13485833053901689,0.0699955220285572,0.0902912916000454,0.03751738593120564,0.08801888757993269,0.04174548285607209
U058,0.09818243421383623,0.052714950457145957,0.10197493499277399,0.045639771229225516,0.6929808821062097,0.024568335221869506,0.09323384167022644,0.05795567705979354,0.03099460439750134,0.05695864268582139,0.06576092865767805,0.05934866830862202,0.09930722361163821,0.12262371443923246,0.0633244551476825,0.009527053214634814,0.02823449340603295,0.1901977405812527,0.05450756159501021,0.08635114609330576,0.04308652334359739,0.05826399036275083,0.07914527576475398,0.04603793092708241,0.05257901171621584,0.015948968001532726,0.025098378475504217,0.027232154149655678,0.024196075446311305,0.060269571061133814,0.0936921577982167,0.019697381478007134,0.14804769022386907,0.13731971614551736,0.06348517866359404,0.06663759913915354,0.0587854489887978,0.051008635990094184,0.030563628601335373,0.15212599021503714,0.07743559070069886,0.07170519513835343,0.03567228481500957,0.091881802220703,0.03666230882047012,0.4771114334802295,0.10803112046328477,0.05806160822742233,0.07043877605951875,0.05294041179339776,0.043297354106638306,0.024174049475877164,0.12335366686440027,0.03519881897772132,0.07512534279756246,0.08625997833030892,0.18704239393560382,1.0,0.04853771770476822,0.06133342035243193,0.043653599210330685,0.0878910103661951,0.06800979443493929,0.5975654345509733,0.0324491490629573,0.050636241890923285,0.07945007645162681,0.1278700238367387,0.10740069973715265,0.09680631461575728,0.08505705230235974,0.09231112162836556,0.17277985333470444,0.16513243656840146,0.09832053479170638,0.0695269353954074,0.029158731774961137,0.0354850593014637,0.033186518648358115,0.05227019501327711,0.065252614326859,0.06560807531292738,0.08888101695941115,0.07504876522748752,0.02810296775466753,0.07471457037324848,0.05079956206344888,0.05118218477630522,0.1571898161506513,0.5481709425226311,0.04134601298309624,0.07139989780177097,0.05510703864458741,0.03455641515470097,0.08562634815627228,0.07704891484263139,0.11541257961725107,0.07737370312681333,0.10701826076665044,0.016492799570594765
U059,0.11928591429635456,0.04378905702272199,0.030580225932503882,0.13274930032600749,0.06445513636049376,0.044769349802236194,0.2921162735003102,0.04403408888017131,0.3555311397509352,0.033495595671200626,0.05723266956607481,0.10601388302027001,0.04039574617667327,0.06175264082775823,0.05019231281227454,0.10517305398561075,0.10066730195386867,0.05005156413504945,0.05858661138732508,0.08296566939491926,0.10161512407976156,0.5415014113527411,0.09714820907624755,0.09718722550111292,0.061125779848772585,0.02532549094948389,0.06937743096746435,0.18119220934932523,0.042398804826972086,0.07275775826820231,0.13003661236241837,0.0594202278215414,0.0322161323046208,0.03999581055703102,0.06523806541796134,0.04244635955625893,0.057718706270362526,0.07230576286928092,0.0353576684869433,0.04877753689069331,0.07969189194073474,0.6893410719474331,0.061937153754594756,0.06374985163126205,0.33794346621225646,0.06015260259560972,0.12991930758261422,0.0616178836097042,0.044519342201145035,0.04472644567276953,0.037707954019393315,0.024419762265783115,0.35096535598211787,0.029172891838911103,0.4421194004018868,0.07372132935085897,0.04723175667732169,0.04853771770476822,1.0000000000000004,0.051519540530851254,0.6177356763343161,0.06862792019976227,0.16487026707585153,0.04438720147648813,0.05207127737834634,0.3378316705727519,0.11387158842345464,0.03295188935679868,0.034612231320042375,0.6622999052057084,0.3127474572984159,0.030641457552962482,0.03776448610754597,0.041780729340242635,0.06618281970099352,0.13067523963013603,0.16061171837602783,0.05645621993868883,0.054028686150858186,0.09039677928477177,0.07901837033216567,0.11409349887972307,0.12112673281457613,0.05765852688466534,0.06472575725334453,0.2613673497733664,0.0674558056416204,0.04698958127039913,0.05615912852326456,0.035508373464744634,0.03926876624190561,0.07984376952669428,0.40101694180081254,0.18294439326848977,0.056500617496457246,0.0528965209744425,0.03639759766883134,0.3026521268592432,0.10837848391069374,0.05447237272523077
U060,0.13290180048641478,0.1323451398202808,0.06796612608655508,0.059156438992430935,0.06732559089256157,0.048804064981876914,0.06556260662347317,0.07517058409205983,0.05219377258175711,0.09354764304109942,0.13391443473385287,0.11039639350624948,0.35871607071334793,0.4414867566377842,0.128133789217309,0.05551205224725632,0.026492595632078973,0.1772786955901459,0.04551638733741826,0.06429227460607267,0.13331026981138488,0.020169805473081524,0.1388971527652608,0.18455034231034934,0.07607484139172234,0.009195868708654886,0.07211025203006466,0.028704161527731042,0.014931384910259858,0.14763532889095335,0.019247182543017143,0.04884541962189467,0.40159843361711023,0.5278346111651679,0.16709883194024533,0.07914526709792384,0.15543249945991267,0.0415780462629887,0.054297479723465075,0.09614151075061196,0.04537077734618313,0.05678417452071871,0.06819059622637644,0.03164546502039753,0.05073392913622842,0.055314515058795095,0.5396979503551472,0.579905463173913,0.023575403130204543,0.10140354784198803,0.0730960208685871,0.04023597070235135,0.05182763549509064,0.06278580037218397,0.031149043750033124,0.07780625638203026,0.4338849152439063,0.06133342035243193,0.051519540530851254,1.0000000000000002,0.07570389511685845,0.04343338179710197,0.057197402553354273,0.06647371811546184,0.06460102143077652,0.06225443675607855,0.0759227781551857,0.08758293797189602,0.1040073643605316,0.06690204245629512,0.049087896415434144,0.12594192828195047,0.48160122957197543,0.07078695137267126,0.05292282850315775,0.026082130586426184,0.02958810261494721,0.09896327320669072,0.07609692511879891,0.14930582160065714,0.6138089410613294,0.03520223801463303,0.03689632645403098,0.014710751554362333,0.13967825799522962,0.03389146826855092,0.02487415368114078,0.026313604769744467,0.05572328774454145,0.140731708666599,0.03864373839024764,0.07090316574314293,0.028197405919765224,0.08772182667421671,0.10809583737853304,0.10098699001293147,0.08891058213471173,0.051400831638314826,0.09558445557140703,0.06331201189765549
U061,0.1604973723000012,0.09584686458995077,0.022991959665819215,0.11075767004028016,0.061387350133569614,0.05231898764729864,0.22078293388759787,0.03933421281498259,0.38347788692414025,0.018506488618147954,0.04591957906963028,0.08524495264662944,0.03433711914152869,0.054336567105578305,0.03627252452327139,0.18130595120467316,0.04943506042404342,0.05482341901101867,0.06563216729218428,0.058982996641484,0.09882120522972404,0.5093449430495586,0.14571411731714612,0.04159691589532088,0.051362629657617245,0.042176417390324544,0.06207800243930932,0.18633729078176897,0.03032793359809076,0.0492821825808394,0.14055519943693975,0.07298394042883305,0.019009945523386775,0.022150242705064167,0.04423040876600898,0.06995736133395813,0.05009568000973282,0.0989315928979142,0.04559956202067258,0.05261222501255451,0.09114483850021994,0.46085100143117314,0.06958661266704891,0.06563815080989256,0.3748139115002142,0.050018844712424765,0.0671371964231392,0.06592797361251859,0.03285459053626721,0.05530288800411425,0.025578564110899506,0.04229059659483726,0.32315232891505996,0.03747910470816197,0.46993289867104054,0.06657471364073947,0.09542983678779364,0.043653599210330685,0.6177356763343161,0.07570389511685845,1.0,0.07941196234744108,0.12926236764158627,0.03197245441868504,0.06579034719929328,0.3647032152381816,0.06757996974976307,0.04068790679124814,0.046625527029587846,0.7692338351473142,0.272063926970791,0.05711285697729498,0.05246213586360561,0.03514890833623162,0.06785506320107121,0.14589976428153265,0.1380227812291849,0.05972247276029618,0.07978693554838476,0.04484836160332334,0.03747302986891758,0.13111894740079466,0.12636083549150193,0.08623249129537072,0.06321962823954667,0.2876396390750318,0.0640589723670561,0.04727744771816447,0.06304748355166451,0.03944869173576424,0.08691450137936411,0.07897190998540705,0.43538305133009175,0.2823614528488958,0.04177239685141009,0.0484767866438038,0.05669705569624956,0.2901415906711328,0.07268395951163806,0.07088036982883127
U062,0.04640165795559889,0.04513541476945276,0.09061061751621387,0.5664551159976035,0.0778822946429276,0.05506235864575414,0.3438728011925593,0.014993203052999586,0.12620512239619827,0.15656287574128738,0.021148621888191714,0.18609162359949277,0.02789833173418365,0.054055362377544734,0.023689694008617524,0.062267604697422735,0.04098369069262357,0.11714034665259812,0.16710577869614043,0.11893174903465764,0.19541139888358286,0.05299717886731034,0.2986731472158723,0.04664600768000608,0.05576430368449918,0.026287718727829937,0.04673723327659446,0.08430269393882592,0.03158342376206405,0.25988664076780177,0.5804336620979912,0.02565179397004277,0.040835423107809445,0.04503150901709364,0.030326710131989294,0.05859149907156377,0.07207828961759226,0.05402154063565481,0.03434152069407719,0.14412834668851027,0.09153476088600405,0.10769502010618087,0.05757732509284689,0.032508582619414264,0.09619879256137705,0.039633517476049006,0.018368334142772093,0.026747071604545435,0.6380234986039609,0.28169802693370094,0.12952102709830177,0.02713514888979239,0.24959694132879245,0.04283250075221564,0.08101953494864889,0.09200030313499719,0.04760845977075147,0.0878910103661951,0.06862792019976227,0.04343338179710197,0.07941196234744108,1.0,0.48941256481478473,0.0392860220147421,0.07093039328613143,0.14407537316936406,0.14735031688814754,0.04239000418743136,0.09275133924249114,0.07848728466935811,0.1483917183104895,0.12808107416474282,0.03518124332502084,0.11366921661455,0.021551060719069273,0.03846924289329846,0.07086003335727861,0.030375495080628243,0.0351230516389622,0.13600990448276376,0.018792624515245614,0.05247454042447283,0.06825521728492306,0.036576043197227834,0.11414905984060708,0.350306671323949,0.04033065307345412,0.14920022097394844,0.2596375618498606,0.04446708815641645,0.042157534550652076,0.20775213469902348,0.06353660781956735,0.052804287368744283,0.27356000268984626,0.07870085025604157,0.06540011152353985,0.17081491068708837,0.10497738479353039,0.02455950289158426
U063,0.13672659611203486,0.08415464935877473,0.09432317192675568,0.7025451194747989,0.0629242833801856,0.029983991802548227,0.28821824298404125,0.039227291920349766,0.11786872396936758,0.22009864769501733,0.045307994566967554,0.3612964668770602,0.03668707277344742,0.06388634925405978,0.04006724935721214,0.012313329689254958,0.09068903170953559,0.14843907902687906,0.30556522775359457,0.11196217332883925,0.28428513684881124,0.10320847849997505,0.3043937682951518,0.1179229871107812,0.1564973619170878,0.015127306441831207,0.07262756756929306,0.093105121730663,0.014653162207285795,0.23244590768985793,0.5453280780537149,0.03729217362329582,0.051168204248168224,0.06190783326056367,0.04093319429916824,0.0783295921179051,0.055224057186780154,0.03137748841416506,0.03161111710055177,0.26134937374087347,0.07496476409305615,0.19009554625659483,0.07966203842919567,0.07033967702551629,0.09436966495210744,0.10396575942236741,0.13168629792994288,0.054231065149741714,0.49496238532123077,0.22171490117341996,0.09132947488920637,0.03217710621717177,0.2309502774795624,0.03603247502265154,0.15127369194155035,0.11041140398829317,0.08191467283823153,0.06800979443493929,0.16487026707585153,0.057197402553354273,0.12926236764158627,0.48941256481478473,1.0,0.06769762094984427,0.08304175616256412,0.14527617906843426,0.1856042741029504,0.059547243070259444,0.12671369339339406,0.17431034384058103,0.19013462352140914,0.09149578788231162,0.06702676355900955,0.13669523517567217,0.09637129528462053,0.06652454941817605,0.10720550401422357,0.037389304877129916,0.07251383493962987,0.24203548111743334,0.10931865275556331,0.09677771264230692,0.10107350801469565,0.049626557058142735,0.1301680681621369,0.2067051812715641,0.038462170422639955,0.3068870712740964,0.2579808555506983,0.07685871160284885,0.02333649855813273,0.35872064921628904,0.09551311571102605,0.06849739416181466,0.24650139481653321,0.10134626862472144,0.10291935553911379,0.20905747779011646,0.2938161569334269,0.06370724066546486
U064,0.11119570805917053,0.04103949331137613,0.0594631861019559,0.05106812000194243,0.8285130767269754,0.06526227116042099,0.06316124523208848,0.06959637382676039,0.03649742744164211,0.05285176551864915,0.043667337575491294,0.038036187272310645,0.08294106289809915,0.10304265732944375,0.06822629031186922,0.020556213266143576,0.03677763719508189,0.12004834599069195,0.044927987249863896,0.05348241781475556,0.040114255097174256,0.04026965601985922,0.07929093981121484,0.017934680066815426,0.05504443475249764,0.017839007410184606,0.04778557607307373,0.029923419318303286,0.024204846879674537,0.05474637135603046,0.06785423553828722,0.02934993780252339,0.08776917607604551,0.09259763157988937,0.05592846584766248,0.046221643772017276,0.03673171561943304,0.05637728968467626,0.024998295077488644,0.03074351248482532,0.061266011614959495,0.09850022943243152,0.03464976910140795,0.0820325116683826,0.03243721325114664,0.5711664957321666,0.07036479455010355,0.07262695898394224,0.042811314271651774,0.05424023958369969,0.04582872531629009,0.02441701621255847,0.06388674434092587,0.04673963216261042,0.06886944206453725,0.05221070781810602,0.0859171314344625,0.5975654345509733,0.04438720147648813,0.06647371811546184,0.03197245441868504,0.0392860220147421,0.06769762094984427,1.0,0.029220639131536583,0.04501093339284869,0.06675894499332648,0.08082355644851703,0.11222502408340249,0.0734774692989226,0.06918223019944292,0.06716729872894789,0.09341016211441609,0.11396826502128665,0.04294211407097818,0.034819546926251874,0.03887583815127762,0.0437000199757851,0.03591962014938403,0.06809689981177142,0.102997875596635,0.05740172984942542,0.03546320390088025,0.0471534618719809,0.01783892855971762,0.06503027360424359,0.03633309985505321,0.03825207823511027,0.035262931929409894,0.7734513357376493,0.028871640937375806,0.07486775380951503,0.03134183770334787,0.018268048153878093,0.08365940951425825,0.05164095909273268,0.10807293803474508,0.07286671610001196,0.049425977701006554,0.01579862995461283
U065,0.05073961980686762,0.017170188836925872,0.03116658610966192,0.06084257185178039,0.023954800427544748,0.035356536993598524,0.036028571579799294,0.018538837153896568,0.07351425676018396,0.06123919568855887,0.025362048389464622,0.13212306583977645,0.03896283202505769,0.019592138687393318,0.03724932959613042,0.047476369229219946,0.08201981275865941,0.057290580500494966,0.05606706222606736,0.07204096455839953,0.06317181415582161,0.03753708475048703,0.08046000394452554,0.023598308522530073,0.8131637765989645,0.03174478595759994,0.6628186721489092,0.0671850354443266,0.06482561566181,0.10111215674472662,0.08739384842499939,0.042037239109018285,0.043410008115702246,0.009489577622208957,0.026400328293235943,0.021740030705411067,0.03879687145824699,0.019494420406490943,0.0907072254287185,0.07187495534735597,0.043196466934820786,0.05653916697274176,0.07633616283640285,0.04067510288079032,0.07312122891246117,0.04511694439554445,0.02469358456311208,0.055386123783140256,0.06102751084504122,0.10676741873402194,0.0890475314911656,0.08095324340853227,0.056038496536383146,0.056357258940335254,0.06704032509256577,0.07062998098900486,0.02564018228605093,0.0324491490629573,0.05207127737834634,0.06460102143077652,0.06579034719929328,0.07093039328613143,0.08304175616256412,0.029220639131536583,1.0000000000000007,0.08758919049916786,0.07998957644916845,0.0765720642106457,0.025342982192953917,0.060627720565200945,0.044552874341581034,0.057315109861251406,0.018031993517787257,0.05794552580539941,0.01855991105330615,0.08609366120379905,0.05175549406045807,0.03824309152006927,0.7444178827088601,0.09063518337537028,0.08455526004513558,0.02229526357712577,0.049653446291477076,0.1340118044999471,0.030225583577800853,0.060317247044347155,0.044293331018216114,0.05486538490619569,0.10447925215713182,0.06290371442866835,0.0851265531492935,0.07371650329714051,0.05987864454359691,0.034597661474933275,0.09832894624008584,0.07419893286600049,0.04132742474899463,0.05881517422724042,0.07434860072346496,0.6902715006226801
U066,0.04056657201397038,0.044872550216835706,0.04678863895969242,0.15305399110798867,0.04470010288040652,0.07390399713547768,0.22448929556467184,0.03806517593056505,0.4891033948739587,0.04142225607250706,0.05945755808428362,0.07438025548366228,0.06233900268486271,0.08565100741781469,0.07194548631848814,0.050527309244067134,0.08208071706230091,0.07788693594088884,0.05711416503441922,0.10837910412295335,0.1147661363577149,0.33781001654363907,0.1794162265064117,0.05573004059292039,0.07919706267882208,0.07885148928043577,0.06703975071913398,0.3480603656084341,0.01882454210578875,0.10800804422405752,0.14733323863703351,0.07624666263733465,0.09411355103718806,0.1090944008700432,0.06160814199803951,0.07788524030281435,0.06636343710256234,0.0587305330417038,0.010081609576775502,0.07616187431081094,0.13706605966853774,0.2831216959453488,0.0312737998251673,0.08284862708734672,0.4674909468600306,0.06767815378936289,0.06245453362642218,0.10781140330936094,0.112370315932099,0.11314773111538923,0.10474956300098535,0.061922352601316906,0.27763174439897703,0.0632448220475862,0.4079296753297619,0.11461931573987355,0.0744697809266926,0.050636241890923285,0.3378316705727519,0.06225443675607855,0.3647032152381816,0.14407537316936406,0.14527617906843426,0.04501093339284869,0.08758919049916786,1.0000000000000002,0.07529468746833441,0.08506921087683983,0.08144783471871862,0.37072660698020576,0.4202291007112889,0.08101211707312096,0.06048796434546573,0.05786746675509952,0.036606295229952165,0.041842738289587886,0.370321422639,0.0751351876793018,0.0656119010594524,0.04953060244396405,0.07891304505790998,0.3327777870963055,0.38009532796600837,0.0505703815348885,0.041538611482269304,0.4361961659057081,0.06800585847812048,0.05473610209080546,0.09548874259661914,0.03562859873122063,0.07271747315815799,0.08872686593888875,0.7094733602524337,0.36435519319438187,0.1557047759688486,0.03833014033772372,0.04035082620928616,0.4538113319055087,0.06961363046031793,0.03536663657603639
U067,0.1001214405113022,0.09599229853205726,0.11338803201916532,0.16945929757305755,0.09428965039783051,0.056056827476816486,0.1221570536001441,0.04104226918672284,0.06149146717957224,0.5515828068341806,0.040047210140638306,0.35796996010311793,0.03799208766309804,0.051083189986114524,0.02408221817180519,0.01947529722982691,0.05336954632096732,0.07929978463548878,0.5082625409314434,0.17284968517939348,0.10312721471857841,0.03340213809650598,0.12705095234264258,0.0926707548652732,0.0920341565106199,0.061635115655269315,0.12554964688691495,0.07970395196333312,0.06355658168812267,0.07265303917491572,0.15643933531836132,0.09302561289725851,0.06730361564204083,0.05364704558607597,0.03357955458209251,0.10484820629828834,0.06507112929437021,0.0749024673899752,0.08610566260507493,0.37605544347655556,0.15076702775086548,0.11277961413200027,0.05202234771129059,0.0671433787058236,0.09925086901974206,0.12407088523382524,0.05174304336665239,0.061121798379870126,0.10332679321542051,0.0458390809236763,0.21422313229688955,0.14558099109178638,0.09668188786905857,0.042791304646493535,0.06586201008914193,0.20571031754312785,0.04582617392672701,0.07945007645162681,0.11387158842345464,0.0759227781551857,0.06757996974976307,0.14735031688814754,0.1856042741029504,0.06675894499332648,0.07998957644916845,0.07529468746833441,1.0000000000000002,0.04814558075414696,0.07246431355165919,0.09552672959838203,0.10029570251468406,0.1349199356129397,0.029579644446714626,0.07863235692162442,0.04006162762554964,0.06938987617348796,0.09013306649879353,0.034034389899976016,0.03532248989850055,0.658752087296945,0.06721368391476179,0.07946670354973294,0.08846929453312612,0.05920844835706574,0.1399014126055703,0.10000891034836869,0.05531299597034685,0.5503054640611931,0.3013285966065861,0.11063627074579135,0.019011184344715267,0.3446266190423256,0.0824155185373124,0.051782963777633396,0.06562316138578715,0.08976304212748827,0.08281992708449759,0.09288595830574094,0.3018279220117984,0.10430843018407591
U068,0.3746117893921287,0.36492483718427615,0.11164100290310154,0.05727837816361182,0.037035639443603954,0.1894823221997629,0.16368073340531744,0.09018274023296662,0.0432839250440186,0.018240802748196575,0.09671163259977238,0.03983452172611788,0.060026456848127165,0.09110813689894559,0.1388190905242777,0.21394197083952413,0.21984570770093428,0.1038575288918227,0.03282069393553594,0.26450943644360003,0.14955464971340363,0.08556781001383182,0.08656119025250424,0.14646431052021397,0.0695995381653287,0.25475071068967325,0.04594937766157065,0.038683881595793466,0.03839711480833465,0.09762714531855304,0.11184328672039784,0.3030713553748815,0.07609934172191517,0.2084180510646897,0.08313274385664715,0.6304816475507342,0.1762252792207783,0.18027611935046894,0.03673856377232951,0.06700904619759876,0.20719030178738748,0.051632010369982065,0.2455811941724654,0.47687725862700747,0.040669001388008344,0.04242064519598417,0.10881312529354595,0.17017162235383723,0.06546606915027951,0.11328566239117421,0.1586081725504486,0.2697446322199782,0.1425409794011096,0.2603013002200903,0.05893751603222264,0.2639223452933362,0.07467151202828057,0.1278700238367387,0.03295188935679868,0.08758293797189602,0.04068790679124814,0.04239000418743136,0.059547243070259444,0.08082355644851703,0.0765720642106457,0.08506921087683983,0.04814558075414696,1.0000000000000002,0.17764998033586882,0.07601573291905996,0.11529610482096521,0.17195779196064268,0.05068271689230144,0.1432945902760632,0.2723561184861211,0.05177982588284222,0.06664729231946234,0.07416305489398359,0.0759455915978597,0.049792194299187215,0.11660928675076053,0.04225366721620216,0.06660666587772882,0.02309357009016158,0.161517486032929,0.09920346272269813,0.17124710350910466,0.031466487288749366,0.06998793385714971,0.0933075160552485,0.032310998769005124,0.052813805693343235,0.08447932605171478,0.040015379668121125,0.09250623565138896,0.2465786606269542,0.1502724372503645,0.08698941759397663,0.052557163442342826,0.0412285573642435
U069,0.22714004024882803,0.05570339671143544,0.6299241834939825,0.09356721162676518,0.09651827920726351,0.07695765313426979,0.09816262113246396,0.021196320665783218,0.05216359751175499,0.04612785641232929,0.05100750018518285,0.09355637740889981,0.03642186961668546,0.05955167474958263,0.04114810622056751,0.05938403004663522,0.03579882506282102,0.659394769888286,0.039198904818743385,0.12678239899935306,0.1253263655714353,0.05612932098872885,0.1226441236221445,0.04508916625441485,0.07860308858860011,0.020819624972061808,0.04494151061382551,0.03296352476186748,0.014523798601827377,0.14572694219149698,0.12886908643584327,0.05751561252981185,0.03851065103399707,0.11795955085784962,0.03898167188898543,0.11804379513711115,0.09498212886708006,0.06384490646521868,0.019974168962826968,0.09880229420088392,0.08685252193370213,0.06843424244212692,0.08637860649172395,0.14230008340118644,0.04734625264099597,0.1312352151320841,0.0614916751424971,0.08861065487825308,0.08991486242006395,0.14493393482969721,0.047567539986583515,0.029992131044955597,0.09586656586209147,0.04965472353063036,0.06276167311426269,0.0855805421962189,0.04340662938702277,0.10740069973715265,0.034612231320042375,0.1040073643605316,0.046625527029587846,0.09275133924249114,0.12671369339339406,0.11222502408340249,0.025342982192953917,0.08144783471871862,0.07246431355165919,0.17764998033586882,0.9999999999999999,0.08634091397891405,0.10310869701723935,0.09754513808244586,0.00899930585232953,0.7052168734819816,0.08666525558565132,0.08050837948131058,0.037153268386188994,0.04774256034101986,0.052154886576267136,0.06713672019363916,0.10165752839920678,0.040246417617572645,0.07042583250012549,0.03100239024799056,0.05255726933995389,0.08563139665227247,0.05580684819890315,0.03421861846734499,0.11719001301677899,0.09624680711423125,0.025806734144263658,0.10793117826287076,0.07991264242956628,0.024014918947134478,0.15785166332145253,0.12965046531384603,0.6241602086209829,0.08806952278395566,0.0660146997829836,0.033795174525588674
U070,0.12828280179075965,0.05157398965355954,0.023081004515318,0.13308980014915084,0.05689625903790894,0.06521920147352148,0.28684435536965436,0.07481423634376172,0.35601746310178134,0.028299372642006743,0.05470798889812952,0.06038139317973832,0.05030133359832298,0.059749301277046425,0.055338636338572875,0.1407985979385436,0.05966231600754283,0.08609515837532367,0.06681687696569741,0.11506181841404639,0.09810807780266621,0.5530148793739681,0.12458676652778465,0.08907793399634392,0.08534251994535806,0.08109671510480744,0.0818907377183615,0.17213510971474452,0.041099956411247564,0.05914486605277588,0.16359932069280364,0.09230728588256173,0.039458210213539006,0.0695877060950484,0.04394131040216797,0.08468537595356954,0.0879014387960958,0.08804891621513873,0.04876371230373287,0.04083357078358554,0.12133750925431894,0.5462198212894503,0.05393315047932435,0.06905645589374458,0.39059377113460575,0.05343691113254068,0.104270297962867,0.055270816626513765,0.06750577900423219,0.04137383415296977,0.06738875679247623,0.09465820290677641,0.4224138665277541,0.04762776903945386,0.4460785573694064,0.10282655591682284,0.04663691070775146,0.09680631461575728,0.6622999052057084,0.06690204245629512,0.7692338351473142,0.07848728466935811,0.17431034384058103,0.0734774692989226,0.060627720565200945,0.37072660698020576,0.09552672959838203,0.07601573291905996,0.08634091397891405,1.0,0.3326775584342617,0.08163872911510299,0.06276664079099553,0.04337646814460891,0.12277560490085573,0.16114757956214662,0.19194628460807853,0.05948858084167591,0.057992616077253895,0.05983558425839833,0.05428679952705054,0.17274987542642742,0.18531393896942266,0.08464371351056096,0.07356192626825611,0.26245948704020133,0.08168413040294546,0.06944193610614724,0.05287144260936208,0.04120172010139567,0.06157111287563588,0.08634629242782094,0.4476172249989827,0.19156201432914216,0.08607089644973634,0.07842056048352622,0.039472122420512804,0.304631887747573,0.04758563986877486,0.07092418066636108
U071,0.05790210487126146,0.07893125869002646,0.03628876375325178,0.25486201040009704,0.06625641704479265,0.056006779232472007,0.4713966009975901,0.04159623600047191,0.44633220465739337,0.04285519406183415,0.06616437429120631,0.07963298670572581,0.09591527296167629,0.11811482781968793,0.07249079026850362,0.038254956709354714,0.09476124585983071,0.08525217656804604,0.033662479157986716,0.1447534591864661,0.19998010667850857,0.26673540456166156,0.13704482456465775,0.10813154212907815,0.0667474681280935,0.041807155771476597,0.04868638621361087,0.1306250492696961,0.01966778044509087,0.09885764233736337,0.2084363314352846,0.05959625333075624,0.10025559908281129,0.12292768849486317,0.07323881171281507,0.14078222878952654,0.11205347999362796,0.0414241489671162,0.022719529205776294,0.08606723596287905,0.21184707976076964,0.31216257958325844,0.08112564800480233,0.09654544534307667,0.4254721611962616,0.06071711765578143,0.0741898260778451,0.07897943236037172,0.12218050863578694,0.09888103074172885,0.12497378334866868,0.03119830600333908,0.4233250665567193,0.0961796416459593,0.29320220997860263,0.07757810384686285,0.07513368615954724,0.08505705230235974,0.3127474572984159,0.049087896415434144,0.272063926970791,0.1483917183104895,0.19013462352140914,0.06918223019944292,0.044552874341581034,0.4202291007112889,0.10029570251468406,0.11529610482096521,0.10310869701723935,0.3326775584342617,1.0,0.14994670315441821,0.058200073398082884,0.06748016821990008,0.07216781380534298,0.043892474085856524,0.19722618864166566,0.0659936206302392,0.08521395144623964,0.07346870695626997,0.10737923085903246,0.09751061025926012,0.15403347392382571,0.030233689195117985,0.1118441229268546,0.6502791952697354,0.05232045828308391,0.02488021096344338,0.08544250978801124,0.08918230356813625,0.040231666550445945,0.09172335594439206,0.4366071702748169,0.10687844455988496,0.15478784497762044,0.08028353175357386,0.04912181543911031,0.6800422885132594,0.08730002966751918,0.040857490411718926
U072,0.1409304926544251,0.18058707398590865,0.043394910732474944,0.08231127770371106,0.0864493180697612,0.1219646923679791,0.1033200585709283,0.06597620162959586,0.04632521388553647,0.11756736004241376,0.04026253813376585,0.06447165945673809,0.19476951812502524,0.20248100940879393,0.09603999484397563,0.06997388660255595,0.04343886176009749,0.019654408023541767,0.0820079889450308,0.19854757724211358,0.1315205165233664,0.05967719483842455,0.160306078189283,0.5450646721064715,0.06700985686960165,0.03418316916946958,0.029166394503813413,0.04903729689136633,0.0576314955730083,0.09451936510677264,0.09388731909661421,0.05612168546068573,0.20856758879765822,0.1429530357341186,0.06611648528072567,0.09604241263186213,0.4879708651427273,0.10511485787279787,0.057172860075766774,0.06408851051020326,0.23602106865636177,0.029745857501765165,0.2973182134526131,0.058556556307072474,0.04366510716400223,0.09021593351521885,0.08579298928536226,0.1488236667160081,0.0775433022135507,0.10641659839436102,0.7349202567955015,0.048530195851143404,0.12196117261610655,0.0413680740993056,0.04178821553181242,0.21252062519511186,0.18350803964524515,0.09231112162836556,0.030641457552962482,0.12594192828195047,0.05711285697729498,0.12808107416474282,0.09149578788231162,0.06716729872894789,0.057315109861251406,0.08101211707312096,0.1349199356129397,0.17195779196064268,0.09754513808244586,0.08163872911510299,0.14994670315441821,1.0000000000000002,0.17280266251040152,0.041476460288419024,0.056266365519347036,0.06503845326405665,0.03824295893443767,0.038246956026518265,0.046912437787057,0.09351604011389374,0.1356507010678505,0.04326661043624307,0.048735457050322895,0.046194425148515295,0.4916768985409748,0.14426702497831298,0.09942471287699581,0.0861055240735185,0.09379266598926624,0.11494517099212741,0.05091433768366653,0.06662010566900806,0.031637673398078874,0.03197286302849514,0.10706647375998637,0.321332247070965,0.07804018901525213,0.13404609016471214,0.050329799519168765,0.0245956116994768
U073,0.16968140872186244,0.19063185197294638,0.036142024637611826,0.08095065222363199,0.10926325867594597,0.03252830961770538,0.08533019941879308,0.07104120626862494,0.020762769190988253,0.07419130446761961,0.11893839038979276,0.0426750298267783,0.6668676291322111,0.7041010291786354,0.1007709728712116,0.01933567499017976,0.018279741318077733,0.1495113998405417,0.023412456931462343,0.10417879712080397,0.1978272331979134,0.04306065971586495,0.13715913952574557,0.32068326872211517,0.024734419414350842,0.03170559706868312,0.03579090314371015,0.01595030081224805,0.02527853030542258,0.19266017988973985,0.03783448965574688,0.0508407200145529,0.6888929717352187,0.4325382736430576,0.1330790976118756,0.07950505884879044,0.29899779701047696,0.04690746021832028,0.011571525118532851,0.06565751983567798,0.04310741325878634,0.04826391321655456,0.08387505704658442,0.04705512954943264,0.033719849829901984,0.053513749825014736,0.4346838829790855,0.44585780651279483,0.05919667117323355,0.17796571734145647,0.21564497630254303,0.022637811283516933,0.1178045140908005,0.050139387675233266,0.026586388939735202,0.07636477727314198,0.7227219484882782,0.17277985333470444,0.03776448610754597,0.48160122957197543,0.05246213586360561,0.03518124332502084,0.06702676355900955,0.09341016211441609,0.018031993517787257,0.06048796434546573,0.029579644446714626,0.05068271689230144,0.00899930585232953,0.06276664079099553,0.058200073398082884,0.17280266251040152,1.0000000000000004,0.05686383058807034,0.03669187362893351,0.020661023712750956,0.020745530981367576,0.0819164496127,0.049427652498160585,0.06821805415198015,0.4706239208315661,0.023303359056924437,0.012484417928745438,0.05063126794676916,0.2826561457278537,0.054279860621199265,0.046350818235472324,0.037650856730511016,0.07398647584930004,0.08768606577891534,0.027258544021081126,0.05140611851121624,0.044293517485057145,0.0769062896248664,0.13754489850317642,0.0587332119203696,0.063503792526202,0.068159788130518,0.07803391008076424,0.032647287565959394
U074,0.18948788016103452,0.02127461226318139,0.7943936713432168,0.10057338441375822,0.12024930917046278,0.043437245930735384,0.0868607222920055,0.007953015519380553,0.06635952378196014,0.08820577838790711,0.05020026946485503,0.1001550730276927,0.0363020584149985,0.07566266289536239,0.026644227411904687,0.056412440441137336,0.026254077868541094,0.7623183871691794,0.08502425592992612,0.12810269274766029,0.16451678867181335,0.034343398042476284,0.17170341709156153,0.04879874363715267,0.08488042770459578,0.017922902902549675,0.07582546769885706,0.03936867937101991,0.007625357050956086,0.16860607972549738,0.13314165313249052,0.06380754930204936,0.06830032733750326,0.05301471739077584,0.045949348278920735,0.11339462166318635,0.062196346471121544,0.026513809057334404,0.0260970845163088,0.09235097013648329,0.06458599889311575,0.05551705627231818,0.07455656998795404,0.14936930362398224,0.06013029109821636,0.09055882547311178,0.047186396486215816,0.05574875675590478,0.08414673246082621,0.15264209567089196,0.070365596164695,0.0161911145834599,0.05910932632996333,0.05980142274667868,0.027374794893944045,0.07667857042109238,0.08245566636292093,0.16513243656840146,0.041780729340242635,0.07078695137267126,0.03514890833623162,0.11366921661455,0.13669523517567217,0.11396826502128665,0.05794552580539941,0.05786746675509952,0.07863235692162442,0.1432945902760632,0.7052168734819816,0.04337646814460891,0.06748016821990008,0.041476460288419024,0.05686383058807034,1.0000000000000002,0.03936024024088999,0.035770695949259426,0.08123939894169982,0.03320322559341995,0.0793889136170213,0.11136794205697696,0.05145103758576187,0.03285583761245116,0.04593725204742554,0.02242344778349013,0.06624569211359813,0.04405381912362401,0.05741874973042651,0.08296278956747498,0.146780294852761,0.16616824500330388,0.015418265458607085,0.10272083681120325,0.05964025677130049,0.03945325396999942,0.16524688521517128,0.0842296316353215,0.7341737939787384,0.053080575553771235,0.08102355800913717,0.0499313456036363
U075,0.19324587026776563,0.3964404510012304,0.024717391680912103,0.06233873997339946,0.058563678494664616,0.4884703711482273,0.13489565729875627,0.09072711270877401,0.03647612948305109,0.02488718712230331,0.0864931586226943,0.04415906186012852,0.060368490028051995,0.037208577628449535,0.08374987718453701,0.2869925662326991,0.34453691220418353,0.08291345656574094,0.0169646880713194,0.19024145948384594,0.07829848997745162,0.044831744809439134,0.09776670365971783,0.09103996309698346,0.06712610235839359,0.35213666898710666,0.0212278158419859,0.033689581783354336,0.05041810148499707,0.06467366736325261,0.048249631127783146,0.32915585637416445,0.04032151019267656,0.07473021333086818,0.06374296566973554,0.29946108727626214,0.13498403087614091,0.4487380639071065,0.0484284967149297,0.07062765952923039,0.2272481471445529,0.08307724259090156,0.12594802152042198,0.37701392176105664,0.052495010989346294,0.05042143640934498,0.13067868390866605,0.03490057434025298,0.03770838594630541,0.062494148020331534,0.08688680873444105,0.36180670235149737,0.1754239765995692,0.612298918622259,0.053975929416912,0.17163648620818905,0.05236735598456318,0.09832053479170638,0.06618281970099352,0.05292282850315775,0.06785506320107121,0.021551060719069273,0.09637129528462053,0.04294211407097818,0.01855991105330615,0.036606295229952165,0.04006162762554964,0.2723561184861211,0.08666525558565132,0.12277560490085573,0.07216781380534298,0.056266365519347036,0.03669187362893351,0.03936024024088999,1.0000000000000002,0.058536670769364106,0.054201556398277236,0.07190534733530055,0.05593400018225791,0.026860845788178992,0.0447479710946011,0.05419839745576778,0.07747427896071635,0.05495636470222993,0.11755021439262822,0.05746656658025821,0.5112387569674793,0.023493437643925027,0.08303860464334017,0.03976393481108868,0.029900507083604436,0.054577112156962634,0.05426996343866945,0.04823810015748675,0.04700059204558474,0.16439103300150168,0.052007139193100266,0.06893686750481595,0.08528276052007802,0.042189242702638144
U076,0.11271737637347563,0.06376554931140471,0.020058380213623727,0.03555800240442532,0.02467255423140502,0.023910920090413807,0.05073737901027031,0.050764890012697954,0.045274625479266,0.02822218556906749,0.03475854177240445,0.0542466758387829,0.017610878164382473,0.0684337393265037,0.021713008431087984,0.19027071850174704,0.13740330692075406,0.06259255687459588,0.03043589536378384,0.07706509149079632,0.0474397453673243,0.025209979219127633,0.05282708362042965,0.0764789393909432,0.1150623346659894,0.04006727133780103,0.046642227310682044,0.013063114008701976,0.6373546948371326,0.06578707224249965,0.09756190880759101,0.06705325890743934,0.027061063055951903,0.06357271847698359,0.03532767240280442,0.0386438153920361,0.05726176449840194,0.07817928111357732,0.6237961505252119,0.034787657058398515,0.06477338894247184,0.06284299336213679,0.05445605126131219,0.05176473262682653,0.03917515812786744,0.07270812191377231,0.055420132007208064,0.011479685553366679,0.03742852583788318,0.1041569098404288,0.0672045306546183,0.06271387265643771,0.06993373607423718,0.019023401199882967,0.1470921458383979,0.09687897646033634,0.04420445055058245,0.0695269353954074,0.13067523963013603,0.026082130586426184,0.14589976428153265,0.03846924289329846,0.06652454941817605,0.034819546926251874,0.08609366120379905,0.041842738289587886,0.06938987617348796,0.05177982588284222,0.08050837948131058,0.16114757956214662,0.043892474085856524,0.06503845326405665,0.020661023712750956,0.035770695949259426,0.058536670769364106,1.0000000000000002,0.03256158941608781,0.05556251472684746,0.028221201837295706,0.03367276102979879,0.05168596500065765,0.048144925991658954,0.03138784523972727,0.5672031157721226,0.10752354902729144,0.09070590900559869,0.013587959989992671,0.034104999764187044,0.0634902232284062,0.020972937374031594,0.5291125891161232,0.03681469139004526,0.05215834348530713,0.09983201167093957,0.06027359268060515,0.10608486676419834,0.03305977257568265,0.06785842464202002,0.04537691616856931,0.025421059062901506
U077,0.11794167283588747,0.012847202312071662,0.03510225548408431,0.14593311185137034,0.038422626204018456,0.053808259036117544,0.26006210954467596,0.02199237744230395,0.4124799742327045,0.04648012965429246,0.04717692838985046,0.08935226346057543,0.05301417565361391,0.0565186782388235,0.04605372466100302,0.03375168801799547,0.08843413177673856,0.0443642356980775,0.05961485847546639,0.08629873890558723,0.11608458067032333,0.15281670413835233,0.09791539915337895,0.07600360332362156,0.04622147962791969,0.048646856575638026,0.06578681327317473,0.7842563915428832,0.014726193546458224,0.10690307957506771,0.12564120197974582,0.040788659659382526,0.04155079637889636,0.05185780381116168,0.043723696009406954,0.058178746704193866,0.08086091377596633,0.06853485253333806,0.01475483086389537,0.03182327839027436,0.10193850680176442,0.14033130016570589,0.04692433213151986,0.08835742406762856,0.3736997369141857,0.10921516376972011,0.04515848587298247,0.04734299527669024,0.07484256989413063,0.08196401014601985,0.05267054969050618,0.0380814335114761,0.2579156126617332,0.043064620547044,0.23093410419217517,0.08849308756260502,0.025232408311073484,0.029158731774961137,0.16061171837602783,0.02958810261494721,0.1380227812291849,0.07086003335727861,0.10720550401422357,0.03887583815127762,0.05175549406045807,0.370321422639,0.09013306649879353,0.06664729231946234,0.037153268386188994,0.19194628460807853,0.19722618864166566,0.03824295893443767,0.020745530981367576,0.08123939894169982,0.054201556398277236,0.03256158941608781,1.0,0.04261844857129049,0.06136590532051085,0.053357292555464564,0.04758735409937329,0.7487448155030985,0.8849843521906616,0.025493404005073765,0.044786998515416204,0.1271774223847622,0.05355213030528204,0.036272929797472285,0.06559543822976617,0.05028237434698021,0.02269716548099852,0.08343993654756067,0.38199514741508583,0.589655043910878,0.12261696579147364,0.051598464674887434,0.05002599706800675,0.16250037725058217,0.066982418644946,0.023220510448950307
U078,0.0725028360704484,0.06485167115597051,0.027747174731859694,0.0509006525516333,0.04983791885862686,0.07846473528860479,0.08661114861455899,0.8601579863526945,0.05231958605023833,0.017685563442762328,0.7546636945223854,0.05839434321110204,0.08750881547884451,0.04459132682813101,0.7747767985178912,0.1287230549288826,0.1030286134297959,0.0365154268151429,0.01481555308313856,0.16055657539951318,0.033917021154425735,0.05630391534980019,0.07916050266888214,0.046099223671078084,0.028712707807412884,0.05443176785429607,0.03655417286146832,0.0532841179502782,0.03143004043543615,0.02796521589312371,0.04434729576069144,0.11424852361979096,0.09120067824137483,0.10593436052075662,0.7758106998832031,0.12003211767020788,0.06209947220977938,0.08231429126530845,0.03828897835827616,0.0565485632557651,0.14447308898374123,0.06504765131040192,0.14607057914151422,0.04705460456028653,0.05011265370280317,0.0381914820788746,0.06811472869505053,0.1296645836874994,0.03901795819733606,0.04945234387471384,0.05847777112119205,0.07000135847953026,0.07985522557354251,0.0735716275000354,0.04821178029991532,0.1585391312640743,0.08858435552676022,0.0354850593014637,0.05645621993868883,0.09896327320669072,0.05972247276029618,0.030375495080628243,0.037389304877129916,0.0437000199757851,0.03824309152006927,0.0751351876793018,0.034034389899976016,0.07416305489398359,0.04774256034101986,0.05948858084167591,0.0659936206302392,0.038246956026518265,0.0819164496127,0.03320322559341995,0.07190534733530055,0.05556251472684746,0.04261844857129049,1.0000000000000004,0.046310264126177746,0.021796850858781944,0.11347496515630057,0.038161313122075935,0.03903322197303203,0.04431799098269274,0.04002457258363793,0.06906683079996034,0.08778173102347914,0.02438464458429372,0.06295396940122323,0.0518947397802284,0.04617775784600961,0.04359669251348533,0.034817088399923625,0.045552749991424314,0.03316895157221904,0.13966683681699493,0.03418584250175555,0.058755162884139366,0.05766211392910792,0.037012846850352124
U079,0.04495595212158686,0.049809515049786764,0.03335250112908568,0.10079128404982547,0.026474394116408985,0.05175756747681993,0.10900493224109307,0.011089093366372997,0.07364250751348576,0.02738576822537125,0.04960267760461242,0.10931689792503393,0.022638746758550925,0.036793758050594254,0.05445622385561221,0.043017610579381874,0.045120836418737285,0.08003306558013337,0.06484776974785693,0.05542033830238045,0.04564938397928231,0.04479881333736203,0.08051233296634927,0.0706399249580218,0.6843247009732609,0.038479954481894264,0.8073085310053781,0.03166222353861318,0.04339668941837845,0.05436351992859988,0.08824024751107715,0.054087816800789515,0.029776703235014065,0.024251574709391602,0.054384842571668465,0.06790419627829358,0.047942043253528965,0.02940483477356847,0.06065020479113904,0.1062122145325141,0.0345515348243017,0.06677102370244449,0.08470507574037836,0.03631421427959199,0.055872688881652054,0.04617818396107731,0.061182795023728795,0.039949251284335456,0.0457989461770177,0.06800025189501985,0.0508392655840068,0.05071032604006645,0.0655061818267578,0.05804306677834166,0.04424546495842893,0.049075170235824965,0.046364491420174285,0.033186518648358115,0.054028686150858186,0.07609692511879891,0.07978693554838476,0.0351230516389622,0.07251383493962987,0.03591962014938403,0.7444178827088601,0.0656119010594524,0.03532248989850055,0.0759455915978597,0.052154886576267136,0.057992616077253895,0.08521395144623964,0.046912437787057,0.049427652498160585,0.0793889136170213,0.05593400018225791,0.028221201837295706,0.06136590532051085,0.046310264126177746,1.0,0.08005228021381487,0.058451141042527105,0.026605572934198605,0.02652025139909709,0.13146851401664866,0.06892693965288166,0.0561740330638216,0.0607862219623429,0.06462076815160817,0.12952220003673162,0.060642492806688604,0.06123006712432762,0.09776795085717374,0.05038705220441071,0.05231394323231949,0.05254628777780018,0.0835593313944097,0.06168882751505089,0.0991973427589753,0.15836126855189286,0.8547974311423022
U080,0.06629141101746865,0.034521096065829336,0.08065676933100314,0.18395470306132167,0.06415249420271814,0.04355235788321102,0.10268166431328049,0.028717663804422165,0.02731449293934469,0.7636629652353226,0.0250987030877184,0.49143986080713253,0.028029078498533654,0.045980293513239796,0.013355870408524883,0.010553142043248382,0.07860180217203075,0.11001019982994796,0.657063248899649,0.12255191821861623,0.09978543686287322,0.02640266072480246,0.0800793176518948,0.08038866255633077,0.09335805614770763,0.045764168999131216,0.13090304718517887,0.03366971606938939,0.06279995893268069,0.04850302405471422,0.180303718133059,0.08030860588929073,0.0808277745313,0.04482416077593612,0.014841375538442253,0.06542553298227802,0.06836459543812508,0.028849937385845778,0.06418309356083778,0.5000798947056736,0.054149614647353184,0.09827254207022243,0.028642528665736897,0.04644926505457368,0.037206540033602194,0.0896547410971176,0.03474538621109395,0.11244372723729024,0.20254200977531822,0.03952515900728742,0.16732539435804814,0.10229441932792727,0.05178913014306089,0.04739720556396497,0.06008777341252233,0.1175048274769479,0.08345435487555643,0.05227019501327711,0.09039677928477177,0.14930582160065714,0.04484836160332334,0.13600990448276376,0.24203548111743334,0.06809689981177142,0.09063518337537028,0.04953060244396405,0.658752087296945,0.049792194299187215,0.06713672019363916,0.05983558425839833,0.07346870695626997,0.09351604011389374,0.06821805415198015,0.11136794205697696,0.026860845788178992,0.03367276102979879,0.053357292555464564,0.021796850858781944,0.08005228021381487,1.0000000000000002,0.1374228601059612,0.031745983877113096,0.04062973508685838,0.04233131868697961,0.14875447670516256,0.05487549144656046,0.033908731150742256,0.6099600605129505,0.3505740105829541,0.09879791753022266,0.05784585066537168,0.41257935620619135,0.04639149570128412,0.026637270497411554,0.0365554486144911,0.034320494809065245,0.05946236217796993,0.0800556714069247,0.4945975021659888,0.08912529888513045
U081,0.15544187366643827,0.10948052422697137,0.03444585012649587,0.0663820457029489,0.05759442150717105,0.0781456914041453,0.065518595382105,0.15673989037110572,0.05292439832649015,0.0912318229329462,0.14780260149023183,0.08982854454943269,0.3581702585020537,0.4661825172377391,0.13570355143601107,0.03707699876620973,0.044604894534467456,0.1460425644381125,0.0801532315896524,0.08999128603405107,0.21394856420321784,0.04384218499469513,0.09388261476758432,0.12213408468815956,0.12667039459096674,0.017031441104952895,0.04975371389538932,0.04031791784547867,0.03058253687679509,0.10287810232979223,0.05172001196865926,0.05713465852201941,0.34921863972662814,0.5276542698148131,0.14579276153240844,0.06437373779866314,0.14752600970129948,0.07989038622796851,0.017251503886428803,0.04766348247774772,0.12421457142317288,0.10529371638799047,0.09832778934984655,0.04270202982161852,0.031000645279780286,0.0706228871689202,0.42504272488525024,0.6820112879227658,0.02171966623107442,0.11377749271783388,0.13738749609629214,0.022174732530700975,0.07228703093472419,0.0434516150255911,0.06838812334714299,0.09101641158221066,0.3464939106190637,0.065252614326859,0.07901837033216567,0.6138089410613294,0.03747302986891758,0.018792624515245614,0.10931865275556331,0.102997875596635,0.08455526004513558,0.07891304505790998,0.06721368391476179,0.11660928675076053,0.10165752839920678,0.05428679952705054,0.10737923085903246,0.1356507010678505,0.4706239208315661,0.05145103758576187,0.0447479710946011,0.05168596500065765,0.04758735409937329,0.11347496515630057,0.058451141042527105,0.1374228601059612,1.0000000000000002,0.05045541937363585,0.049056891143289434,0.041923167353399,0.14701660839356337,0.0513770430410558,0.043105514190186364,0.07271202076468991,0.03572464010521173,0.071989444599295,0.028669287620494786,0.09130875422069822,0.048227451335382775,0.03295710052301189,0.09075282539377487,0.11992611300051509,0.05763813642109314,0.1161231241488809,0.09309893941970035,0.02463098937326559
U082,0.048629071748189055,0.03204984637031417,0.022946810671062377,0.07286800739397606,0.053786787079283534,0.038208081883781914,0.09581532668092249,0.04319916057874496,0.34922720559651466,0.03741825433240221,0.024032600981327933,0.03227987740710985,0.0345335471012726,0.030096269820643545,0.02519386661775768,0.03898550281468105,0.01950175985203656,0.045933696656985504,0.052269806272733296,0.08182159220752014,0.0630458752665018,0.12270900665242965,0.062363813329228066,0.020980778894400625,0.04606393967622028,0.02628071964621463,0.03910119361787075,0.7840217256445503,0.022608585285439985,0.044708112447888915,0.08330469895880759,0.03947655051496974,0.022693840576284242,0.0657391124802302,0.03361086572935199,0.06048633090743901,0.030372969153490987,0.04663671951780277,0.024360799837512135,0.060102801962161195,0.09533536111706827,0.1458735775540665,0.03561910940013008,0.053514531588606556,0.28231930147177636,0.03713380239885352,0.07768737173813217,0.029374572477483454,0.040798199364007075,0.031235422620124,0.04669697105551615,0.05751771875877758,0.1287755660415028,0.043254951459287955,0.20387234816901312,0.09808478199738198,0.020777007213838346,0.06560807531292738,0.11409349887972307,0.03520223801463303,0.13111894740079466,0.05247454042447283,0.09677771264230692,0.05740172984942542,0.02229526357712577,0.3327777870963055,0.07946670354973294,0.04225366721620216,0.040246417617572645,0.17274987542642742,0.09751061025926012,0.04326661043624307,0.023303359056924437,0.03285583761245116,0.05419839745576778,0.048144925991658954,0.7487448155030985,0.038161313122075935,0.026605572934198605,0.031745983877113096,0.05045541937363585,1.0000000000000002,0.7875846334600699,0.04288946357827674,0.014236269144702421,0.12021368630924895,0.04152475492856325,0.0475156752694092,0.04624951676283399,0.03650744630340541,0.0242656313213515,0.04647299251534344,0.3932948511370451,0.6317613772072305,0.045619981462831236,0.05655476151577811,0.03051874007243184,0.11816703812199736,0.0344227427746656,0.02177814288022373
U083,0.08491230909705595,0.02299224362682974,0.03678735000991323,0.10128821611114089,0.043057949149472606,0.036784549920104305,0.23478860059886225,0.038547261695199016,0.3858384745800503,0.06786963280595232,0.026681980186656677,0.08525550022667053,0.06285525579193257,0.033507250156611365,0.043443471699619124,0.018380849028068615,0.06137449365055013,0.05977850250597631,0.04603862690765729,0.11307039750133621,0.11420721746491612,0.1233648282075737,0.08148954124683626,0.07731733956952619,0.07415610713826895,0.0426885022711743,0.028168878744739854,0.797497097346799,0.01867236953511889,0.07462016145093422,0.13026962884556695,0.04709756964318487,0.032631845967548395,0.0730397573306643,0.038681992692656104,0.07656568950254075,0.07604659421831828,0.06540790819669745,0.021824316117167744,0.055985668302202855,0.09744632955496839,0.13174694251033692,0.05250438804852557,0.06628998518701788,0.3133184485946352,0.12298677219198638,0.0752781528060224,0.03114653671292209,0.0589010592841371,0.06596249185267913,0.05099260399561307,0.036212859701406204,0.21954753797037033,0.04217717852836983,0.22575829039033257,0.12270198638797818,0.019370323994579407,0.08888101695941115,0.12112673281457613,0.03689632645403098,0.12636083549150193,0.06825521728492306,0.10107350801469565,0.03546320390088025,0.049653446291477076,0.38009532796600837,0.08846929453312612,0.06660666587772882,0.07042583250012549,0.18531393896942266,0.15403347392382571,0.048735457050322895,0.012484417928745438,0.04593725204742554,0.07747427896071635,0.03138784523972727,0.8849843521906616,0.03903322197303203,0.02652025139909709,0.04062973508685838,0.049056891143289434,0.7875846334600699,1.0,0.04338357337184112,0.04783154226582639,0.126195985128829,0.04610143049847665,0.03530905305662105,0.06910070947665015,0.0395465902732761,0.026772748662749323,0.07295965703305937,0.39017441982594764,0.6022837844904768,0.10644396624267033,0.07898398632071583,0.02405914367275648,0.1256196889464269,0.05857462531462318,0.03341388318118428
U084,0.052474287165265476,0.02873384111029056,0.02401932495688865,0.018904058056041884,0.04693088711085263,0.02000535117189711,0.046638284070860084,0.04672414592424987,0.07396149112374811,0.04101416173142721,0.011746456339620254,0.022449433115382066,0.03786202931995891,0.0403486313047545,0.02057790974869401,0.14986699270537404,0.1615838036513904,0.04539156883863649,0.02131910564465324,0.07226130434005704,0.025922410870297237,0.06079279106636097,0.03590187099318216,0.050943545313438594,0.1490825182693289,0.09274532949301949,0.16165413864761283,0.039317607483310625,0.641134069598586,0.03551533834197865,0.04367408241600472,0.15161927129199326,0.02835347414241493,0.04663895879264087,0.027154224880218902,0.029868712082456724,0.05219355427918534,0.006610061158163081,0.80666283331289,0.04982110220603782,0.04644752786912272,0.060673164736748005,0.07215170798497511,0.029423954631275853,0.07744529695763883,0.046106610473142295,0.10241860415396148,0.02447990628581806,0.06019637198486253,0.06348612278808999,0.05183308913477369,0.16381689098713872,0.07225807800321343,0.018824591799455302,0.08318035799904838,0.09605087511473462,0.03791125460168302,0.07504876522748752,0.05765852688466534,0.014710751554362333,0.08623249129537072,0.036576043197227834,0.049626557058142735,0.0471534618719809,0.1340118044999471,0.0505703815348885,0.05920844835706574,0.02309357009016158,0.03100239024799056,0.08464371351056096,0.030233689195117985,0.046194425148515295,0.05063126794676916,0.02242344778349013,0.05495636470222993,0.5672031157721226,0.025493404005073765,0.04431799098269274,0.13146851401664866,0.04233131868697961,0.041923167353399,0.04288946357827674,0.04338357337184112,1.0,0.06439991109292577,0.053287260277142076,0.02666269366052273,0.04754299909736215,0.0697979217227198,0.049764180485573635,0.7122900329547626,0.004461004558956238,0.06625116460084023,0.030839945595422254,0.03328379610754037,0.09752098964866902,0.03536740984871038,0.05067095342625448,0.05251897610411748,0.16434769749948341
U085,0.13305692422204451,0.2122482076003505,0.0520033789149864,0.13064977702172356,0.03597636285726796,0.06803239430467006,0.14002410085786507,0.06771961397181583,0.052392106532032426,0.20864062457158863,0.09649143618944932,0.07203296933185085,0.17656533159975243,0.23490064942339248,0.11190083445994534,0.06130552401161278,0.0869993446182508,0.10551750875448049,0.08201569586256323,0.1696225352081773,0.26226493432471376,0.026023954267318548,0.17104303003831836,0.7247744286031111,0.03595144604856595,0.08353577483260949,0.01369500933724299,0.06274037816785012,0.07020740736854851,0.1870377016018838,0.07888402753646373,0.07337484352033632,0.27080200243774527,0.1635732713453481,0.11350430029499776,0.16518842225879032,0.5854072922652981,0.07051560593438042,0.07098202587017959,0.07766584120254098,0.16845970136070984,0.07226545135013852,0.2875108639665137,0.07310039727072472,0.05313992514404031,0.11768605449667663,0.18829107449478094,0.10510947880393487,0.05515017998872838,0.2140589947731074,0.6455576958150783,0.07865133524148128,0.13240848027198984,0.06551445614019419,0.051824812607292346,0.20778682436999676,0.3031459312235873,0.02810296775466753,0.06472575725334453,0.13967825799522962,0.06321962823954667,0.11414905984060708,0.1301680681621369,0.01783892855971762,0.030225583577800853,0.041538611482269304,0.1399014126055703,0.161517486032929,0.05255726933995389,0.07356192626825611,0.1118441229268546,0.4916768985409748,0.2826561457278537,0.06624569211359813,0.11755021439262822,0.10752354902729144,0.044786998515416204,0.04002457258363793,0.06892693965288166,0.14875447670516256,0.14701660839356337,0.014236269144702421,0.04783154226582639,0.06439991109292577,1.0000000000000002,0.10140478503774047,0.06275174690556602,0.07572729679832174,0.06316214703131454,0.11137426564540076,0.10088798925199065,0.0722262484823939,0.03751102739045114,0.10649316592484892,0.09936186539214668,0.2623154945637986,0.07110337021491772,0.12130322896858128,0.08969389996143552,0.07070897434254397
U086,0.10507866963675815,0.05193578356035923,0.027705738066586237,0.33686452527062904,0.053944805301117525,0.06757574162421882,0.5178814369025372,0.032368657059027285,0.34883243521100676,0.08209518248594472,0.05346621727223919,0.047875970779445554,0.1034809535977256,0.0917012952114371,0.05260999511617413,0.09278102880776443,0.07211494096748194,0.0456835818393869,0.027749263943987426,0.1713224673488723,0.13632660060480076,0.15653241515609717,0.14946002024418956,0.06586604024291348,0.06270466994368355,0.06821745492463926,0.040036729096351864,0.1272557151946966,0.0177843023299064,0.11714831398133792,0.3049199176210494,0.09532890124884569,0.11001869542546333,0.08443850691120423,0.05556732960764969,0.13420579692744639,0.059909683719073195,0.0819659294891649,0.041151368139128536,0.05034471819824528,0.16195734603861947,0.2778455295499568,0.08050342938724712,0.0822363479166455,0.34986898593017346,0.07488594855047553,0.05829396211173734,0.057760159184155196,0.22044074834853677,0.09553122666974663,0.17003873038309936,0.08041175682757734,0.434950886057319,0.10460570318558346,0.32062150661214306,0.15002108630901032,0.029543196501286645,0.07471457037324848,0.2613673497733664,0.03389146826855092,0.2876396390750318,0.350306671323949,0.2067051812715641,0.06503027360424359,0.060317247044347155,0.4361961659057081,0.10000891034836869,0.09920346272269813,0.08563139665227247,0.26245948704020133,0.6502791952697354,0.14426702497831298,0.054279860621199265,0.04405381912362401,0.05746656658025821,0.09070590900559869,0.1271774223847622,0.06906683079996034,0.0561740330638216,0.05487549144656046,0.0513770430410558,0.12021368630924895,0.126195985128829,0.053287260277142076,0.10140478503774047,1.0000000000000002,0.060010255682247236,0.040566519487277776,0.07089810094244664,0.0647972191713701,0.03914661065407316,0.05757124314919525,0.37227481247760885,0.1915864205861749,0.10728103394659025,0.07868293056063054,0.07866951576612524,0.6156664184893689,0.07299215837209978,0.03317984553928424
U087,0.2488776920932897,0.35613620630982346,0.07536368856241163,0.044912004280328675,0.046034103551917074,0.9034238636255794,0.06736713888589398,0.06782520690300267,0.05227212440983095,0.02561123556539043,0.09004468420613684,0.027677797417179455,0.038337952949160835,0.0323185831808483,0.06574979513514832,0.22304824779686644,0.20997665757013328,0.021013789232399903,0.04526286316064349,0.250964467660254,0.05800409302023683,0.06610260786982688,0.08045787468781379,0.05966497648362087,0.03698441502743967,0.25327121088204263,0.039667161246858706,0.05553238760936492,0.026077909341659974,0.04683582820035367,0.050810776097564306,0.2670112797027364,0.02286334114143693,0.07603826423530338,0.08117874126046043,0.21942886224868963,0.09224384586109205,0.7836176298721141,0.029031446463944236,0.0600516572746757,0.24954402350662747,0.03726005084735909,0.2654705876755929,0.33189009659883695,0.04030628475988263,0.029845089495340538,0.05850753454990111,0.055388276582578534,0.031145459549969723,0.04366833436040182,0.11317321405383252,0.22805227388301438,0.07208012810185015,0.7428536439469517,0.07983074762624918,0.27771733105321583,0.04045847734008947,0.05079956206344888,0.0674558056416204,0.02487415368114078,0.0640589723670561,0.04033065307345412,0.038462170422639955,0.03633309985505321,0.044293331018216114,0.06800585847812048,0.05531299597034685,0.17124710350910466,0.05580684819890315,0.08168413040294546,0.05232045828308391,0.09942471287699581,0.046350818235472324,0.05741874973042651,0.5112387569674793,0.013587959989992671,0.05355213030528204,0.08778173102347914,0.0607862219623429,0.033908731150742256,0.043105514190186364,0.04152475492856325,0.04610143049847665,0.02666269366052273,0.06275174690556602,0.060010255682247236,1.0,0.059190771168948386,0.09358095726222458,0.01977192284456611,0.050428220901211476,0.04168765535699628,0.049414421323718774,0.059520027011419695,0.027210982962251808,0.2940593253559476,0.04294553002337429,0.048587551104708575,0.04952749663668005,0.04250171167339168
U088,0.04912166121202677,0.05410816671544845,0.10024220297251486,0.19596389768950942,0.07252447486063181,0.04466531348076943,0.044257760527943536,0.020862938772193397,0.05859287255371928,0.6585538822691295,0.03480134104734758,0.40314738647569726,0.047422075421005405,0.03205905294466119,0.015457315165348004,0.015357257149376434,0.011740064457882601,0.03354848046473474,0.8664169567733988,0.09017087585455687,0.11289976091972663,0.06144210937334375,0.1570431600486245,0.04073362396547172,0.055594933652053126,0.013062554819359895,0.1379595329510356,0.049103871341345,0.009101627388421654,0.057934018234404056,0.1672285866251318,0.024802223840610794,0.031021572724603794,0.018743110588048353,0.0016127414435214086,0.035794010072419905,0.033153807546704425,0.06839209036660843,0.04125877560533756,0.5263560994755433,0.05775046865395158,0.08141516635367631,0.030986022595348627,0.04811954564558336,0.06850617615143453,0.11799523946099698,0.062855995081389,0.009913366496837354,0.18841536130861036,0.05285478793719375,0.13841171494849108,0.011670093083272895,0.034727790686781765,0.021792080075163745,0.05380095730303057,0.15970200387560288,0.05556765826577044,0.05118218477630522,0.04698958127039913,0.026313604769744467,0.04727744771816447,0.14920022097394844,0.3068870712740964,0.03825207823511027,0.05486538490619569,0.05473610209080546,0.5503054640611931,0.031466487288749366,0.03421861846734499,0.06944193610614724,0.02488021096344338,0.0861055240735185,0.037650856730511016,0.08296278956747498,0.023493437643925027,0.034104999764187044,0.036272929797472285,0.02438464458429372,0.06462076815160817,0.6099600605129505,0.07271202076468991,0.0475156752694092,0.03530905305662105,0.04754299909736215,0.07572729679832174,0.040566519487277776,0.059190771168948386,1.0,0.44223991830944376,0.04117892194063641,0.02711285376251052,0.38294193265117876,0.036300930711588436,0.055366543060064666,0.06303717296734665,0.03369962946383594,0.0782396275353393,0.024759740371631464,0.4925574661803294,0.10983264656671564
U089,0.05821958902386649,0.05588270514548006,0.11350906108286235,0.26675302309523224,0.13044209002368293,0.0763514808145914,0.11141162837117984,0.026921241189688867,0.057580383700426535,0.3660177910424438,0.038269809662900584,0.4755902222815379,0.030101306586964784,0.04305673428457803,0.0397224108787379,0.05094637320719704,0.03283151854701273,0.10569026831950579,0.4271956573600108,0.1757967678503855,0.19834163480841271,0.038420210942179844,0.19867343064086285,0.048879401242985974,0.11507334618468391,0.039060302313988084,0.09408430909128304,0.06356253452686929,0.01660852328800487,0.21265319291509632,0.3411316525637892,0.03933202488432381,0.01980375332452728,0.0734356267416885,0.03086366095400804,0.06896423608686963,0.06950597158566894,0.08901817351230004,0.03646343639515126,0.7418197691080789,0.08649184704526251,0.09468576737251314,0.06575346341881916,0.07853626740420366,0.05635397224978294,0.07635747382904393,0.10445593186049408,0.06477258434822906,0.35956114255286886,0.22327403628824602,0.12527670229918259,0.03634050563537488,0.07307330975415907,0.02977177014988294,0.030512578154201837,0.16888566720429865,0.0784128675045889,0.1571898161506513,0.05615912852326456,0.05572328774454145,0.06304748355166451,0.2596375618498606,0.2579808555506983,0.035262931929409894,0.10447925215713182,0.09548874259661914,0.3013285966065861,0.06998793385714971,0.11719001301677899,0.05287144260936208,0.08544250978801124,0.09379266598926624,0.07398647584930004,0.146780294852761,0.08303860464334017,0.0634902232284062,0.06559543822976617,0.06295396940122323,0.12952220003673162,0.3505740105829541,0.03572464010521173,0.04624951676283399,0.06910070947665015,0.0697979217227198,0.06316214703131454,0.07089810094244664,0.09358095726222458,0.44223991830944376,1.0000000000000002,0.042601681224458184,0.03400700549926822,0.5141436587602332,0.05434874460956061,0.036396622503387696,0.28111361503502225,0.08543465175790005,0.09013496167529764,0.06340419054037248,0.6909372579672746,0.1182404648164077
U090,0.09825074560938708,0.08067427168608862,0.09087203020610297,0.08789021458693472,0.7732118849481752,0.010238424871529234,0.06831684410154887,0.06380962923389874,0.05623766619829525,0.08261437727645195,0.040234398207956025,0.05626774015831153,0.08857752638453939,0.11693076999607273,0.04908495357382611,0.018799378712418265,0.04309396787523466,0.1244407558707597,0.059915284949965744,0.03956862704928526,0.07571598463495975,0.035092292620906185,0.07766003166364979,0.09284328618308588,0.04222919219132221,0.025389479325314025,0.038220293760190885,0.03635521715648987,0.058938240911071985,0.05341437260685075,0.09733933781805797,0.01879527497770786,0.10596517762154471,0.08912070587760562,0.05141521102837883,0.10354332912220747,0.08855418310278021,0.021040961186574385,0.06408227463395783,0.049605494879387875,0.06902456222833941,0.04963537118869375,0.051103870149263965,0.08929752803258709,0.05812695959991829,0.5691872360315542,0.12111515078536682,0.09295884187484396,0.0763509449353876,0.05695456602201492,0.06739502599095933,0.04900955458524499,0.058620115954161146,0.037119054349612365,0.048454921966325115,0.05890055560010596,0.095139421384154,0.5481709425226311,0.035508373464744634,0.140731708666599,0.03944869173576424,0.04446708815641645,0.07685871160284885,0.7734513357376493,0.06290371442866835,0.03562859873122063,0.11063627074579135,0.0933075160552485,0.09624680711423125,0.04120172010139567,0.08918230356813625,0.11494517099212741,0.08768606577891534,0.16616824500330388,0.03976393481108868,0.020972937374031594,0.05028237434698021,0.0518947397802284,0.060642492806688604,0.09879791753022266,0.071989444599295,0.03650744630340541,0.0395465902732761,0.049764180485573635,0.11137426564540076,0.0647972191713701,0.01977192284456611,0.04117892194063641,0.042601681224458184,1.0000000000000002,0.06291999809241647,0.0637336723169725,0.04222248758319137,0.030962727976006067,0.08335189283136239,0.04248214459649334,0.1613511126732489,0.10695529939851989,0.06084677318158403,0.05350674102653299
U091,0.06102179605485968,0.11402925407442442,0.015488909770057019,0.020128962549295262,0.04507618593112457,0.053216992528491755,0.016078322095306852,0.030449975444945734,0.07441971764664883,0.03373153279787466,0.02838933519211146,0.02823605508277319,0.0244843701976031,0.09719606875643959,0.01590160208223632,0.20428881268035545,0.24691425620576646,0.025784312879062115,0.03362270588414376,0.07529788601503584,0.038695569763685905,0.05196506614937403,0.0416241482729251,0.053615022255225374,0.027320206796939826,0.1523078862189891,0.11775832919091665,0.04113912156717851,0.6381770764928835,0.02729635797075905,0.0467641298722802,0.1295156105616187,0.0189752840569581,0.030833243516318592,0.03871308424517808,0.04713904448708772,0.04943150792667983,0.07680707562943088,0.6391348581698444,0.03357179033214537,0.0659790715637383,0.00944459384743853,0.06859659666479039,0.02157877082103483,0.06719593414426578,0.0816948056486278,0.022809221279048105,0.041685520693461924,0.013913657584311068,0.09982640344342752,0.020690567162714626,0.17648673906435425,0.036561133395388315,0.08327832114922994,0.0801997553968657,0.12212887613206636,0.018989674467408305,0.04134601298309624,0.03926876624190561,0.03864373839024764,0.08691450137936411,0.042157534550652076,0.02333649855813273,0.028871640937375806,0.0851265531492935,0.07271747315815799,0.019011184344715267,0.032310998769005124,0.025806734144263658,0.06157111287563588,0.040231666550445945,0.05091433768366653,0.027258544021081126,0.015418265458607085,0.029900507083604436,0.5291125891161232,0.02269716548099852,0.04617775784600961,0.06123006712432762,0.05784585066537168,0.028669287620494786,0.0242656313213515,0.026772748662749323,0.7122900329547626,0.10088798925199065,0.03914661065407316,0.050428220901211476,0.02711285376251052,0.03400700549926822,0.06291999809241647,1.0,0.021658163189332485,0.07924911175920998,0.03344594577921496,0.026940764131149618,0.07508836741084542,0.014209526433122545,0.08942238955190931,0.029732873486419047,0.09032671381236969
U092,0.08701041613028879,0.061308561221369226,0.09246891440903267,0.3491120131161685,0.06275662643174901,0.036176190382349475,0.12435459349954547,0.03389493402461281,0.0840489315211088,0.4027638290599363,0.05860790982923629,0.8115344330431629,0.04208565155244677,0.05107829560327733,0.04779244578981894,0.0298102792349618,0.042409846442375845,0.10118796801824731,0.37654739709183593,0.12979061617095683,0.167935386078182,0.02728916080786829,0.21392609166597815,0.0428399249557954,0.11482043469777294,0.011772872013990646,0.060718149590378426,0.06910660964025377,0.0,0.14566331319026607,0.3566523602016097,0.032346808082902787,0.04703457836523025,0.03217886873412435,0.06340046243305635,0.050604863016038185,0.021414532113813133,0.046019571888466324,0.019419953654893938,0.5538727823590354,0.03895437145111136,0.09946748651855786,0.05332410175584168,0.09884438985503544,0.08126878544960661,0.11146388680324171,0.06300788811982332,0.04428440971392871,0.3486043399849044,0.15082613235181588,0.0724302087752655,0.03767334770205645,0.07961626707552205,0.04145627954226431,0.06041888113038988,0.15721906410343078,0.04591466401094294,0.07139989780177097,0.07984376952669428,0.07090316574314293,0.07897190998540705,0.20775213469902348,0.35872064921628904,0.07486775380951503,0.07371650329714051,0.08872686593888875,0.3446266190423256,0.052813805693343235,0.10793117826287076,0.08634629242782094,0.09172335594439206,0.06662010566900806,0.05140611851121624,0.10272083681120325,0.054577112156962634,0.03681469139004526,0.08343993654756067,0.04359669251348533,0.09776795085717374,0.41257935620619135,0.09130875422069822,0.04647299251534344,0.07295965703305937,0.004461004558956238,0.0722262484823939,0.05757124314919525,0.04168765535699628,0.38294193265117876,0.5141436587602332,0.0637336723169725,0.021658163189332485,1.0000000000000002,0.06305415939188419,0.06578816550757148,0.2502854559626351,0.06227721086275294,0.08359455930723539,0.08317745816679468,0.635439812656464,0.07491503625946434
U093,0.06787485943116461,0.02016470971374762,0.026699918290005502,0.0964781468507467,0.04020008560347542,0.04576354582967281,0.1708404295057852,0.021781076106599326,0.7341926735832264,0.04578148995757133,0.05545550800772874,0.06548015462079351,0.08023696383875045,0.07678121047415111,0.0401318341687904,0.0302869728069614,0.05456793712482309,0.06161427822683225,0.03394260348748686,0.13300646403825675,0.06412566714763283,0.4695621554231143,0.08449398226312647,0.03516678214767423,0.06755977466272986,0.05469493811070288,0.0633972041385807,0.3844950840053765,0.029750980100258374,0.07299195658338464,0.09875416473435876,0.10176205821853138,0.06125658193672957,0.05763284911463062,0.03185969857871396,0.10894058235646178,0.022975314926092918,0.03350456317134258,0.01811051627199061,0.04093701008552863,0.0657937927608113,0.31319506658710355,0.05796207261856723,0.0761535674933522,0.7017734207303862,0.08215976136036283,0.043839311397647004,0.06019433463885141,0.05267964473238078,0.08361166375018202,0.06430153278883219,0.06551601958667523,0.3373306296901315,0.07632890890056958,0.5437889490155212,0.07962773652082392,0.03122676640995509,0.05510703864458741,0.40101694180081254,0.028197405919765224,0.43538305133009175,0.06353660781956735,0.09551311571102605,0.03134183770334787,0.05987864454359691,0.7094733602524337,0.0824155185373124,0.08447932605171478,0.07991264242956628,0.4476172249989827,0.4366071702748169,0.031637673398078874,0.044293517485057145,0.05964025677130049,0.05426996343866945,0.05215834348530713,0.38199514741508583,0.034817088399923625,0.05038705220441071,0.04639149570128412,0.048227451335382775,0.3932948511370451,0.39017441982594764,0.06625116460084023,0.03751102739045114,0.37227481247760885,0.049414421323718774,0.036300930711588436,0.05434874460956061,0.04222248758319137,0.07924911175920998,0.06305415939188419,0.9999999999999998,0.371384740557797,0.055012689482198694,0.03649427764226174,0.0337317271181294,0.4799704060969505,0.0450046086953398,0.03991505798157537
U094,0.1364380853572983,0.056076984397787744,0.0368505404823275,0.08318006993153945,0.023148089961271275,0.056743142112324146,0.1366750937398635,0.017015431974966327,0.3901430251776676,0.0317327544379339,0.10367493516482974,0.07256510818656786,0.06532575295788905,0.03550693724396024,0.08242780213298438,0.08865730814171374,0.02489761917600269,0.06851304921592068,0.06565084980508747,0.10960526062275773,0.0825635826390558,0.14656286078067904,0.09199308427432583,0.09436392581197936,0.030138429184747434,0.023399446781534022,0.022550056783384113,0.5771216106701709,0.0654688625804267,0.042585534983082984,0.11366601202746199,0.05674772386387084,0.03513921227388118,0.06318319923595683,0.11255050743584841,0.0767017796057224,0.039411224359441555,0.11087568872916395,0.016385209310275095,0.0471024944385991,0.09221320402867375,0.12896533909076358,0.1672809075713966,0.0847629023865749,0.318175943578507,0.039494755312819464,0.07938066920741754,0.051014291001336545,0.054269073238446125,0.04904704930298644,0.03977651084774504,0.030985378429188713,0.17515963951347044,0.08276723070274099,0.4471877701085251,0.12415748418457312,0.0906609558617309,0.03455641515470097,0.18294439326848977,0.08772182667421671,0.2823614528488958,0.052804287368744283,0.06849739416181466,0.018268048153878093,0.034597661474933275,0.36435519319438187,0.051782963777633396,0.040015379668121125,0.024014918947134478,0.19156201432914216,0.10687844455988496,0.03197286302849514,0.0769062896248664,0.03945325396999942,0.04823810015748675,0.09983201167093957,0.589655043910878,0.045552749991424314,0.05231394323231949,0.026637270497411554,0.03295710052301189,0.6317613772072305,0.6022837844904768,0.030839945595422254,0.10649316592484892,0.1915864205861749,0.059520027011419695,0.055366543060064666,0.036396622503387696,0.030962727976006067,0.03344594577921496,0.06578816550757148,0.371384740557797,1.0,0.05798393067699026,0.15865514222641158,0.02469959506576474,0.12317336989279255,0.092063328252844,0.06451976733220362
U095,0.11819870905016566,0.0770431054091079,0.1564181537895681,0.27602159613867355,0.04801427123972867,0.04785323686109466,0.14800303946699664,0.031071308436280767,0.08352589975621874,0.06831054032689773,0.04992751503080273,0.15681499145703054,0.1385962189219755,0.2095603417482491,0.045072385406074694,0.057092170881345744,0.030774948576627843,0.16347555203106515,0.053764967802656945,0.15134981662307603,0.5208930081486557,0.055533208853084146,0.4887020617566665,0.1046714343861284,0.14269571265420106,0.03459482624822306,0.0722397849383032,0.08793491530611383,0.01095138555503523,0.7691267050188392,0.3557762591876581,0.03228814553056483,0.11911245883193866,0.12666247222233787,0.047966161052047075,0.12755558235836525,0.12054792720042697,0.03499841019153745,0.02716179585321941,0.14654741205229868,0.14106841073312817,0.09709939608695536,0.1297628066550437,0.09671101408646868,0.08548052628319251,0.07776138897683546,0.12896595556529641,0.07791876819128943,0.3346046810581887,0.7853503388084435,0.07430770728196248,0.028415756438456008,0.13650201169763893,0.04226242408781245,0.054368257931608543,0.10581221368262272,0.13485833053901689,0.08562634815627228,0.056500617496457246,0.10809583737853304,0.04177239685141009,0.27356000268984626,0.24650139481653321,0.08365940951425825,0.09832894624008584,0.1557047759688486,0.06562316138578715,0.09250623565138896,0.15785166332145253,0.08607089644973634,0.15478784497762044,0.10706647375998637,0.13754489850317642,0.16524688521517128,0.04700059204558474,0.06027359268060515,0.12261696579147364,0.03316895157221904,0.05254628777780018,0.0365554486144911,0.09075282539377487,0.045619981462831236,0.10644396624267033,0.03328379610754037,0.09936186539214668,0.10728103394659025,0.027210982962251808,0.06303717296734665,0.28111361503502225,0.08335189283136239,0.026940764131149618,0.2502854559626351,0.055012689482198694,0.05798393067699026,1.0000000000000002,0.12133396818620744,0.17895896605658254,0.15594291946078406,0.12912568279402242,0.03149047995405984
U096,0.24560273075101133,0.2678950192055299,0.0827000667069558,0.0737228636167481,0.0446446620486133,0.29295898885613925,0.11347124055265286,0.1909959129590982,0.09868296875038493,0.046560674054587046,0.2319156042491711,0.08926113105561316,0.11618316192014583,0.08830651436455263,0.23039109077521705,0.15503019290562067,0.1343154317783658,0.09123685492454361,0.014413377146675815,0.4961513705042529,0.10624180717108371,0.04535283590694398,0.1461216065275043,0.2684809334432361,0.119201834940776,0.09361737001108465,0.05123449417965567,0.059234894644047735,0.06029101041225704,0.12040236881937691,0.08772531882378799,0.1801438050545352,0.06910531431414373,0.12935973669525236,0.2324090609902896,0.24247141589283255,0.29625058112374264,0.3040647164595476,0.09704518199187706,0.07806928890026932,0.4348050027649276,0.0941106787685669,0.8628587825664937,0.14497874669145835,0.07912180420409883,0.06141685928317393,0.09574795541891584,0.09677136375582884,0.07331514440301583,0.14191950007924176,0.3059946506396295,0.12550581947327297,0.1042795104573907,0.24159162572896986,0.09844194822360482,0.5010359631922641,0.0699955220285572,0.07704891484263139,0.0528965209744425,0.10098699001293147,0.0484767866438038,0.07870085025604157,0.10134626862472144,0.05164095909273268,0.07419893286600049,0.03833014033772372,0.08976304212748827,0.2465786606269542,0.12965046531384603,0.07842056048352622,0.08028353175357386,0.321332247070965,0.0587332119203696,0.0842296316353215,0.16439103300150168,0.10608486676419834,0.051598464674887434,0.13966683681699493,0.0835593313944097,0.034320494809065245,0.11992611300051509,0.05655476151577811,0.07898398632071583,0.09752098964866902,0.2623154945637986,0.07868293056063054,0.2940593253559476,0.03369962946383594,0.08543465175790005,0.04248214459649334,0.07508836741084542,0.06227721086275294,0.03649427764226174,0.15865514222641158,0.12133396818620744,1.0000000000000004,0.10758646006108812,0.06664224425149975,0.06423856765856754,0.08026432017156446
U097,0.21321554930498127,0.08137647127039352,0.7042645106400779,0.09715655597407406,0.0962885057310386,0.041993007857039334,0.0714236898333511,0.035196446991009295,0.04263494055036102,0.09205700499875137,0.07144590671466777,0.07485276629874002,0.031650636109872565,0.13478342569672852,0.03388295453460784,0.0781520580853563,0.04135272382861917,0.6595012008900071,0.03063907288735602,0.0769732775079241,0.09523945453999944,0.03672370759033887,0.16952668836515483,0.02944409446538278,0.08506784194981529,0.046293271684227755,0.05430859296103282,0.049033307695429684,0.017710895683754446,0.193824708819295,0.13067560482751386,0.09653729987495276,0.08296067724294381,0.071663343450701,0.05187736060003802,0.12776555232915032,0.05487884808459095,0.05757640757993601,0.04612260060311072,0.04266129819286626,0.09888760317550446,0.051031735729797544,0.12314640142353268,0.10556307264804443,0.03983046231151308,0.0718502700004346,0.07912435970739615,0.08104693830252219,0.09113106352446455,0.16047134802489108,0.0910656264703423,0.02169111259179869,0.07322420993294888,0.05532650991592254,0.050534592302101534,0.10607798338361371,0.0902912916000454,0.11541257961725107,0.03639759766883134,0.08891058213471173,0.05669705569624956,0.06540011152353985,0.10291935553911379,0.10807293803474508,0.04132742474899463,0.04035082620928616,0.08281992708449759,0.1502724372503645,0.6241602086209829,0.039472122420512804,0.04912181543911031,0.07804018901525213,0.063503792526202,0.7341737939787384,0.052007139193100266,0.03305977257568265,0.05002599706800675,0.03418584250175555,0.06168882751505089,0.05946236217796993,0.05763813642109314,0.03051874007243184,0.02405914367275648,0.03536740984871038,0.07110337021491772,0.07866951576612524,0.04294553002337429,0.0782396275353393,0.09013496167529764,0.1613511126732489,0.014209526433122545,0.08359455930723539,0.0337317271181294,0.02469959506576474,0.17895896605658254,0.10758646006108812,0.9999999999999998,0.07456431886552352,0.06777067515456113,0.04267190580938786
U098,0.11713137364047972,0.07799177925422468,0.029508429416215946,0.2669987006949314,0.10870614608104083,0.06591785618893739,0.29729913281746784,0.045432337486803316,0.45531958181096865,0.06072729054270918,0.056100245741688246,0.0695138085538116,0.09139474165984832,0.16071275646390654,0.03947124918380354,0.04287926777791207,0.12243211902836111,0.09226848099981091,0.03048151432689693,0.15669559438168765,0.170190462157324,0.2810826054297105,0.17132291934195645,0.10422695727295828,0.09114113922265189,0.041780153732091145,0.07361800959004632,0.12277118354071363,0.05259365537568117,0.16609193407851106,0.1856418663000913,0.08423441342966603,0.10899366256929861,0.06946657491635554,0.06344068909656858,0.1409879255349228,0.08831051459942381,0.034802715511573254,0.030803849318140064,0.07172240275417911,0.1563817373518957,0.3301591112332214,0.09410240721261266,0.09278757061143113,0.43405286759054024,0.08409830168659155,0.051705809621580036,0.08945942458235713,0.1297792183135423,0.18912780227545403,0.14668634350346826,0.06401894453652085,0.49728934262242985,0.09358009405565634,0.3371128511159325,0.11129211549863266,0.03751738593120564,0.07737370312681333,0.3026521268592432,0.051400831638314826,0.2901415906711328,0.17081491068708837,0.20905747779011646,0.07286671610001196,0.05881517422724042,0.4538113319055087,0.09288595830574094,0.08698941759397663,0.08806952278395566,0.304631887747573,0.6800422885132594,0.13404609016471214,0.068159788130518,0.053080575553771235,0.06893686750481595,0.06785842464202002,0.16250037725058217,0.058755162884139366,0.0991973427589753,0.0800556714069247,0.1161231241488809,0.11816703812199736,0.1256196889464269,0.05067095342625448,0.12130322896858128,0.6156664184893689,0.048587551104708575,0.024759740371631464,0.06340419054037248,0.10695529939851989,0.08942238955190931,0.08317745816679468,0.4799704060969505,0.12317336989279255,0.15594291946078406,0.06664224425149975,0.07456431886552352,1.0000000000000002,0.08892957872442844,0.057112863174634224
U099,0.0746861181211197,0.07990364963754432,0.06513288678907765,0.3034928767853814,0.07941340648734099,0.06218547070162718,0.13189820957295761,0.035114628273949164,0.07174816499285779,0.4984658239622454,0.06975654633967139,0.6799498499227475,0.05035487433299082,0.08668921876918795,0.056205300378128806,0.05645740430826839,0.05301889847338064,0.07083634317276341,0.536875848589384,0.09498926133217722,0.1278061997777405,0.037583381952945555,0.11351867038232294,0.0693730392982386,0.09867772606086572,0.029826924010382908,0.09336486372522229,0.07177929114511988,0.01188109005377437,0.11180138384134042,0.29826199145597854,0.051165670669876165,0.052190839325511364,0.06280660955603115,0.07524075400090074,0.06035778098281053,0.03827639069700188,0.06465528791211891,0.013778604998690424,0.762077516123652,0.058343075540907965,0.14237241977632165,0.06478112028589933,0.13583986568736797,0.0691680134114708,0.07559344666266753,0.12913066403633297,0.06092617780271825,0.27977004078720735,0.1108504436835615,0.06607680993795431,0.06592696723355625,0.08882679714605023,0.05664314502043999,0.06166643648832822,0.11890301965688196,0.08801888757993269,0.10701826076665044,0.10837848391069374,0.09558445557140703,0.07268395951163806,0.10497738479353039,0.2938161569334269,0.049425977701006554,0.07434860072346496,0.06961363046031793,0.3018279220117984,0.052557163442342826,0.0660146997829836,0.04758563986877486,0.08730002966751918,0.050329799519168765,0.07803391008076424,0.08102355800913717,0.08528276052007802,0.04537691616856931,0.066982418644946,0.05766211392910792,0.15836126855189286,0.4945975021659888,0.09309893941970035,0.0344227427746656,0.05857462531462318,0.05251897610411748,0.08969389996143552,0.07299215837209978,0.04952749663668005,0.4925574661803294,0.6909372579672746,0.06084677318158403,0.029732873486419047,0.635439812656464,0.0450046086953398,0.092063328252844,0.12912568279402242,0.06423856765856754,0.06777067515456113,0.08892957872442844,1.0000000000000002,0.1256657526381483
U100,0.02792232502442437,0.04972306132749002,0.033205957486886394,0.07202889887240754,0.03416475050153728,0.033599102692031195,0.06022210821559652,0.019955394837803443,0.06962302001406123,0.05919033322302953,0.03538849470244052,0.08662944255247229,0.01664559189695327,0.04155881182617145,0.034143708596012824,0.025457008928977808,0.042982835168056746,0.08874895689982294,0.11577560425652969,0.07016566579843335,0.04201741537331916,0.024813063907673842,0.06477469723052892,0.062271136171406435,0.672915633736706,0.03514640970789704,0.8679877842183149,0.029452130291007912,0.06280862229074544,0.0335815619292511,0.04371562999465366,0.06309633148826616,0.01603692827924422,0.004493106908394172,0.04491986087309351,0.07006897075500829,0.024342576237335944,0.007452200419227373,0.07454988785556065,0.1081855916237324,0.030406843665854263,0.05917847998647855,0.08469755697766938,0.02220950228675473,0.0499705477948853,0.03869566210528741,0.04932637204506788,0.04933716654810734,0.01859625591922461,0.04240545860579148,0.03427403824727838,0.05947088707214672,0.045286721724693314,0.03964376433576576,0.04672453173534521,0.051534534124621306,0.04174548285607209,0.016492799570594765,0.05447237272523077,0.06331201189765549,0.07088036982883127,0.02455950289158426,0.06370724066546486,0.01579862995461283,0.6902715006226801,0.03536663657603639,0.10430843018407591,0.0412285573642435,0.033795174525588674,0.07092418066636108,0.040857490411718926,0.0245956116994768,0.032647287565959394,0.0499313456036363,0.042189242702638144,0.025421059062901506,0.023220510448950307,0.037012846850352124,0.8547974311423022,0.08912529888513045,0.02463098937326559,0.02177814288022373,0.03341388318118428,0.16434769749948341,0.07070897434254397,0.03317984553928424,0.04250171167339168,0.10983264656671564,0.1182404648164077,0.05350674102653299,0.09032671381236969,0.07491503625946434,0.03991505798157537,0.06451976733220362,0.03149047995405984,0.08026432017156446,0.04267190580938786,0.057112863174634224,0.1256657526381483,1.0
