User_ID,Name,Age,Gender,City,State,Profession,Experience_Years,Education,Current_Job_Title,Preferred_Work_Mode,Preferred_Team_Size,Preferred_Learning_Style,Languages_Known,Certification,Availability,Industry,Skills,Career_Goal,MBTI,Professional_Summary,About_Me,Interests,Work_Style,Personality_Traits,Personal_Values,Years_of_Programming,Favorite_Tech_Stack,Open_to_Relocation,Portfolio_GitHub,Current_Career_Level,Preferred_Role,Expected_Salary_Range,Preferred_Industry,Remote_Work_Experience,Profile_Text,Clean_Profile
U001,Nikhil Pandey,32,Male,Lucknow,Uttar Pradesh,Backend Developer,9,B.Tech Information Technology,Backend Developer,On-site,Medium (6-10 members),Hands-on Projects,"English, Hindi",Google Professional Certificate,Immediately Available,Software Development,"Django, Linux, MongoDB, SQL, Git, Java",Become Backend Architect,INTP,"Technology professional specializing in backend software engineering, scalable microservices, and cloud-native application development.","I enjoy optimizing database performance, improving API efficiency, and building secure server-side applications for real-world use.","Volunteering, Music, Open Source, Nature Walks, Public Speaking",proactive,"confident, curious, analytical, focused","Respect, Creativity, Continuous Learning, Innovation",13,"Python, Django, PostgreSQL",Yes,https://github.com/nikhilpandey907,Mid Level,Backend Developer,12-20 LPA,Software Development,2+ Years,"Backend Developer Django, Linux, MongoDB, SQL, Git, Java Become Backend Architect Technology professional specializing in backend software engineering, scalable microservices, and cloud-native application development. I enjoy optimizing database performance, improving API efficiency, and building secure server-side applications for real-world use. Volunteering, Music, Open Source, Nature Walks, Public Speaking confident, curious, analytical, focused Respect, Creativity, Continuous Learning, Innovation Python, Django, PostgreSQL Software Development",backend developer django linux mongodb sql git java become backend architect technology professional specializing in backend software engineering scalable microservices and cloud native application development i enjoy optimizing database performance improving api efficiency and building secure server side applications for real world use volunteering music open source nature walks public speaking confident curious analytical focused respect creativity continuous learning innovation python django postgresql software development
U002,Megha Singh,21,Male,Indore,Madhya Pradesh,Backend Developer,0,Master of Computer Applications,Backend Developer,On-site,Small (2-5 members),Workshops,"English, Hindi, Telugu",Udemy Professional Course,Immediately Available,Software Development,"Microservices, Flask, Docker, Node.js, Java, SQL, REST APIs",Become Backend Architect,INFP,"Technology professional specializing in backend software engineering, scalable microservices, and cloud-native application development.","Problem-solving motivates me to develop efficient APIs and backend architectures. Outside work, I enjoy learning cloud technologies and system design.","Chess, Blogging, Photography, Badminton",structured,"analytical, supportive, practical","Innovation, Adaptability, Empathy, Respect",3,"Node.js, MongoDB, Express",Depends on Opportunity,https://github.com/meghasingh474,Student,Backend Developer,3-5 LPA,Software Development,No Experience,"Backend Developer Microservices, Flask, Docker, Node.js, Java, SQL, REST APIs Become Backend Architect Technology professional specializing in backend software engineering, scalable microservices, and cloud-native application development. Problem-solving motivates me to develop efficient APIs and backend architectures. Outside work, I enjoy learning cloud technologies and system design. Chess, Blogging, Photography, Badminton analytical, supportive, practical Innovation, Adaptability, Empathy, Respect Node.js, MongoDB, Express Software Development",backend developer microservices flask docker node js java sql rest apis become backend architect technology professional specializing in backend software engineering scalable microservices and cloud native application development problem solving motivates me to develop efficient apis and backend architectures outside work i enjoy learning cloud technologies and system design chess blogging photography badminton analytical supportive practical innovation adaptability empathy respect node js mongodb express software development
U003,Rohit Iyer,34,Male,Mumbai,Maharashtra,Database Administrator,3,M.Tech Data Science,Database Administrator,On-site,Small (2-5 members),Workshops,"English, Kannada",Google Professional Certificate,Immediately Available,Database Management,"Backup and Recovery, PostgreSQL, Python, Replication, Database Security, Data Modeling, Performance Tuning",Improve database performance,ENTJ,"Database Administrator experienced in managing enterprise databases, optimizing performance, and ensuring high availability of business-critical systems.",Problem-solving and attention to detail motivate me to optimize database performance and ensure data integrity.,"Photography, Cycling, Music",proactive,"optimistic, supportive, patient","Innovation, Empathy, Teamwork, Accountability",3,"PostgreSQL, Python, SQL",Yes,https://github.com/rohitiyer550,Entry Level,Database Administrator,5-10 LPA,Database Management,1-2 Years,"Database Administrator Backup and Recovery, PostgreSQL, Python, Replication, Database Security, Data Modeling, Performance Tuning Improve database performance Database Administrator experienced in managing enterprise databases, optimizing performance, and ensuring high availability of business-critical systems. Problem-solving and attention to detail motivate me to optimize database performance and ensure data integrity. Photography, Cycling, Music optimistic, supportive, patient Innovation, Empathy, Teamwork, Accountability PostgreSQL, Python, SQL Database Management",database administrator backup and recovery postgresql python replication database security data modeling performance tuning improve database performance database administrator experienced in managing enterprise databases optimizing performance and ensuring high availability of business critical systems problem solving and attention to detail motivate me to optimize database performance and ensure data integrity photography cycling music optimistic supportive patient innovation empathy teamwork accountability postgresql python sql database management
U004,Ishita Rao,22,Female,Mumbai,Maharashtra,Data Scientist,1,B.Tech Information Technology,Data Scientist,On-site,Medium (6-10 members),Video Courses,"English, Hindi, Tamil",Google Data Analytics,Available within 15 days,Information Technology,"Power BI, Machine Learning, Scikit-learn, NumPy, Tableau",Build predictive analytics solutions,INTJ,"Data Scientist experienced in extracting insights from structured and unstructured data using Python, SQL, and machine learning techniques.","I value logical thinking, continuous improvement, and collaborative teamwork. Outside work, I enjoy reading technology blogs and participating in data science competitions.","Public Speaking, Nature Walks, Travel",collaborative,"confident, curious, analytical, innovative, supportive","Accountability, Empathy",1,"Python, Pandas, NumPy",Yes,https://github.com/ishitarao204,Intern,Data Scientist,4-6 LPA,Information Technology,Less than 1 Year,"Data Scientist Power BI, Machine Learning, Scikit-learn, NumPy, Tableau Build predictive analytics solutions Data Scientist experienced in extracting insights from structured and unstructured data using Python, SQL, and machine learning techniques. I value logical thinking, continuous improvement, and collaborative teamwork. Outside work, I enjoy reading technology blogs and participating in data science competitions. Public Speaking, Nature Walks, Travel confident, curious, analytical, innovative, supportive Accountability, Empathy Python, Pandas, NumPy Information Technology",data scientist power bi machine learning scikit learn numpy tableau build predictive analytics solutions data scientist experienced in extracting insights from structured and unstructured data using python sql and machine learning techniques i value logical thinking continuous improvement and collaborative teamwork outside work i enjoy reading technology blogs and participating in data science competitions public speaking nature walks travel confident curious analytical innovative supportive accountability empathy python pandas numpy information technology
U005,Ishita Gupta,27,Female,Visakhapatnam,Andhra Pradesh,Cybersecurity Analyst,2,Bachelor of Computer Applications,Cybersecurity Analyst,On-site,Small (2-5 members),Mentorship,"English, Hindi, Telugu",CompTIA Security+,Immediately Available,Cybersecurity,"Python, Cryptography, Network Security, Vulnerability Analysis, Wireshark",Lead cybersecurity teams,INFJ,"Information Security professional specializing in vulnerability assessment, incident response, and cyber defense strategies using modern security tools.",Cybersecurity motivates me because technology should always be secure and reliable. I enjoy researching new attack techniques and defensive strategies.,"Cooking, Photography, Movies, Music, Yoga",independent,"analytical, patient, innovative, curious, optimistic","Adaptability, Integrity",4,"Linux, Wireshark, Python",Depends on Opportunity,https://github.com/ishitagupta895,Entry Level,Cybersecurity Analyst,5-10 LPA,Cybersecurity,Less than 1 Year,"Cybersecurity Analyst Python, Cryptography, Network Security, Vulnerability Analysis, Wireshark Lead cybersecurity teams Information Security professional specializing in vulnerability assessment, incident response, and cyber defense strategies using modern security tools. Cybersecurity motivates me because technology should always be secure and reliable. I enjoy researching new attack techniques and defensive strategies. Cooking, Photography, Movies, Music, Yoga analytical, patient, innovative, curious, optimistic Adaptability, Integrity Linux, Wireshark, Python Cybersecurity",cybersecurity analyst python cryptography network security vulnerability analysis wireshark lead cybersecurity teams information security professional specializing in vulnerability assessment incident response and cyber defense strategies using modern security tools cybersecurity motivates me because technology should always be secure and reliable i enjoy researching new attack techniques and defensive strategies cooking photography movies music yoga analytical patient innovative curious optimistic adaptability integrity linux wireshark python cybersecurity
U006,Neha Reddy,31,Female,Chennai,Tamil Nadu,Full Stack Developer,7,M.Tech Artificial Intelligence,Full Stack Developer,On-site,Large (10+ members),Hands-on Projects,"English, Telugu",Microsoft Certified,Available within 30 days,Software Development,"REST APIs, MongoDB, HTML, Django, Node.js, Docker, CSS",Lead software development teams,ENTJ,"Software Engineer specializing in full stack application development with expertise in React, Django, Node.js, and SQL databases. Experienced in developing end-to-end web solutions.",I believe understanding the entire software development lifecycle helps build better applications. I enjoy working with cross-functional teams and solving technical challenges.,"Music, Blogging, Hackathons, Chess",detail-oriented,"confident, optimistic, curious, focused","Respect, Continuous Learning, Innovation, Empathy",6,"React, Node.js, MongoDB",Yes,https://github.com/nehareddy439,Mid Level,Full Stack Developer,12-20 LPA,Software Development,2+ Years,"Full Stack Developer REST APIs, MongoDB, HTML, Django, Node.js, Docker, CSS Lead software development teams Software Engineer specializing in full stack application development with expertise in React, Django, Node.js, and SQL databases. Experienced in developing end-to-end web solutions. I believe understanding the entire software development lifecycle helps build better applications. I enjoy working with cross-functional teams and solving technical challenges. Music, Blogging, Hackathons, Chess confident, optimistic, curious, focused Respect, Continuous Learning, Innovation, Empathy React, Node.js, MongoDB Software Development",full stack developer rest apis mongodb html django node js docker css lead software development teams software engineer specializing in full stack application development with expertise in react django node js and sql databases experienced in developing end to end web solutions i believe understanding the entire software development lifecycle helps build better applications i enjoy working with cross functional teams and solving technical challenges music blogging hackathons chess confident optimistic curious focused respect continuous learning innovation empathy react node js mongodb software development
U007,Sai Verma,29,Female,Chennai,Tamil Nadu,Machine Learning Engineer,4,M.Tech Artificial Intelligence,Machine Learning Engineer,Hybrid,Small (2-5 members),Hands-on Projects,"English, Hindi, Telugu",AWS Machine Learning,Available within 30 days,Information Technology,"Pandas, Git, PyTorch, NumPy, Scikit-learn",Develop AI-powered healthcare solutions,ENTJ,Machine Learning Engineer experienced in designing predictive analytics and recommendation systems using Python-based technologies.,"Curious and analytical by nature, I enjoy collaborating with others to develop intelligent software solutions. Outside work, I participate in hackathons and contribute to open-source projects.","Public Speaking, Nature Walks, Volunteering, Reading, Travel",independent,"creative, confident, curious, innovative, practical","Discipline, Innovation, Accountability, Continuous Learning",1,"Python, TensorFlow, Scikit-learn",Depends on Opportunity,https://github.com/saiverma770,Associate,Machine Learning Engineer,8-15 LPA,Information Technology,1-2 Years,"Machine Learning Engineer Pandas, Git, PyTorch, NumPy, Scikit-learn Develop AI-powered healthcare solutions Machine Learning Engineer experienced in designing predictive analytics and recommendation systems using Python-based technologies. Curious and analytical by nature, I enjoy collaborating with others to develop intelligent software solutions. Outside work, I participate in hackathons and contribute to open-source projects. Public Speaking, Nature Walks, Volunteering, Reading, Travel creative, confident, curious, innovative, practical Discipline, Innovation, Accountability, Continuous Learning Python, TensorFlow, Scikit-learn Information Technology",machine learning engineer pandas git pytorch numpy scikit learn develop ai powered healthcare solutions machine learning engineer experienced in designing predictive analytics and recommendation systems using python based technologies curious and analytical by nature i enjoy collaborating with others to develop intelligent software solutions outside work i participate in hackathons and contribute to open source projects public speaking nature walks volunteering reading travel creative confident curious innovative practical discipline innovation accountability continuous learning python tensorflow scikit learn information technology
U008,Aditya Nair,35,Male,Pune,Maharashtra,QA Engineer,14,M.Tech Artificial Intelligence,QA Engineer,Remote,Small (2-5 members),Mentorship,"English, Hindi, Telugu",Udemy Professional Course,Available within 30 days,Software Testing,"JUnit, Python, API Testing, Automation Testing, Software Quality Assurance",Optimize software testing processes,ESTP,"Testing professional dedicated to identifying software defects, improving testing efficiency, and supporting the delivery of robust software solutions.",Software testing allows me to solve problems systematically while improving user satisfaction. I enjoy learning new automation tools and testing techniques.,"Travel, Open Source, Photography",goal-oriented,"patient, supportive, focused","Teamwork, Adaptability, Integrity",8,"Selenium, Java, TestNG",Yes,https://github.com/adityanair383,Mid Level,QA Engineer,12-20 LPA,Software Testing,2+ Years,"QA Engineer JUnit, Python, API Testing, Automation Testing, Software Quality Assurance Optimize software testing processes Testing professional dedicated to identifying software defects, improving testing efficiency, and supporting the delivery of robust software solutions. Software testing allows me to solve problems systematically while improving user satisfaction. I enjoy learning new automation tools and testing techniques. Travel, Open Source, Photography patient, supportive, focused Teamwork, Adaptability, Integrity Selenium, Java, TestNG Software Testing",qa engineer junit python api testing automation testing software quality assurance optimize software testing processes testing professional dedicated to identifying software defects improving testing efficiency and supporting the delivery of robust software solutions software testing allows me to solve problems systematically while improving user satisfaction i enjoy learning new automation tools and testing techniques travel open source photography patient supportive focused teamwork adaptability integrity selenium java testng software testing
U009,Divya Gupta,26,Male,Ahmedabad,Gujarat,AI Research Engineer,1,B.Tech Computer Science,AI Research Engineer,On-site,Medium (6-10 members),Research Papers,"English, Hindi, Telugu",Udemy Professional Course,Available within 30 days,Artificial Intelligence,"PyTorch, Machine Learning, Neural Networks, Natural Language Processing, Research, Computer Vision",Become an AI Scientist,INTJ,"AI Research Engineer passionate about advancing artificial intelligence through innovative research in deep learning, natural language processing, and computer vision. Experienced in Python, TensorFlow, and PyTorch for building intelligent systems.","I am naturally analytical and enjoy understanding how intelligent systems learn from data. Outside research, I like mentoring peers, exploring new technologies, and improving my programming skills.","Gaming, Cricket, Photography, Volunteering, Reading",proactive,"patient, focused, innovative, curious, confident","Adaptability, Creativity, Continuous Learning",10,"Python, TensorFlow, CUDA",Yes,https://github.com/divyagupta418,Intern,AI Research Engineer,4-6 LPA,Artificial Intelligence,Less than 1 Year,"AI Research Engineer PyTorch, Machine Learning, Neural Networks, Natural Language Processing, Research, Computer Vision Become an AI Scientist AI Research Engineer passionate about advancing artificial intelligence through innovative research in deep learning, natural language processing, and computer vision. Experienced in Python, TensorFlow, and PyTorch for building intelligent systems. I am naturally analytical and enjoy understanding how intelligent systems learn from data. Outside research, I like mentoring peers, exploring new technologies, and improving my programming skills. Gaming, Cricket, Photography, Volunteering, Reading patient, focused, innovative, curious, confident Adaptability, Creativity, Continuous Learning Python, TensorFlow, CUDA Artificial Intelligence",ai research engineer pytorch machine learning neural networks natural language processing research computer vision become an ai scientist ai research engineer passionate about advancing artificial intelligence through innovative research in deep learning natural language processing and computer vision experienced in python tensorflow and pytorch for building intelligent systems i am naturally analytical and enjoy understanding how intelligent systems learn from data outside research i like mentoring peers exploring new technologies and improving my programming skills gaming cricket photography volunteering reading patient focused innovative curious confident adaptability creativity continuous learning python tensorflow cuda artificial intelligence
U010,Lavanya Nair,25,Female,Kochi,Kerala,Business Analyst,2,B.E Computer Engineering,Business Analyst,Hybrid,Small (2-5 members),Books,"English, Hindi, Telugu",Udemy Professional Course,Available within 15 days,Business Analytics,"Data Analysis, Business Process Modeling, Problem Solving, Requirement Gathering, Power BI, Excel, Tableau",Bridge business and technology,ENTJ,Dedicated Business Analyst experienced in transforming business requirements into practical technology solutions that improve operational efficiency.,I am passionate about connecting business goals with innovative technology solutions while continuously improving my professional knowledge.,"Movies, Drawing, Cooking",independent,"confident, focused, analytical, innovative","Respect, Teamwork",7,"Excel, Tableau, Power BI",Yes,https://github.com/lavanyanair529,Entry Level,Business Analyst,5-10 LPA,Business Analytics,Less than 1 Year,"Business Analyst Data Analysis, Business Process Modeling, Problem Solving, Requirement Gathering, Power BI, Excel, Tableau Bridge business and technology Dedicated Business Analyst experienced in transforming business requirements into practical technology solutions that improve operational efficiency. I am passionate about connecting business goals with innovative technology solutions while continuously improving my professional knowledge. Movies, Drawing, Cooking confident, focused, analytical, innovative Respect, Teamwork Excel, Tableau, Power BI Business Analytics",business analyst data analysis business process modeling problem solving requirement gathering power bi excel tableau bridge business and technology dedicated business analyst experienced in transforming business requirements into practical technology solutions that improve operational efficiency i am passionate about connecting business goals with innovative technology solutions while continuously improving my professional knowledge movies drawing cooking confident focused analytical innovative respect teamwork excel tableau power bi business analytics
U011,Siddharth Kumar,21,Male,Indore,Madhya Pradesh,QA Engineer,0,B.Tech Computer Science,QA Engineer,Remote,Medium (6-10 members),Video Courses,"English, Tamil",Udemy Professional Course,Immediately Available,Software Testing,"SQL, Git, Automation Testing, Software Quality Assurance, TestNG",Optimize software testing processes,ESTJ,"Quality Assurance Engineer with expertise in functional testing, automation tools, and continuous testing practices. Passionate about improving software performance and reliability.","Outside work, I enjoy exploring automation frameworks, improving testing strategies, and enhancing software quality standards.","Public Speaking, Fitness, Yoga",proactive,"practical, focused, supportive, optimistic, confident","Accountability, Discipline, Empathy, Continuous Learning",2,"JUnit, Selenium, Git",Depends on Opportunity,https://github.com/siddharthkumar35,Student,QA Engineer,3-5 LPA,Software Testing,No Experience,"QA Engineer SQL, Git, Automation Testing, Software Quality Assurance, TestNG Optimize software testing processes Quality Assurance Engineer with expertise in functional testing, automation tools, and continuous testing practices. Passionate about improving software performance and reliability. Outside work, I enjoy exploring automation frameworks, improving testing strategies, and enhancing software quality standards. Public Speaking, Fitness, Yoga practical, focused, supportive, optimistic, confident Accountability, Discipline, Empathy, Continuous Learning JUnit, Selenium, Git Software Testing",qa engineer sql git automation testing software quality assurance testng optimize software testing processes quality assurance engineer with expertise in functional testing automation tools and continuous testing practices passionate about improving software performance and reliability outside work i enjoy exploring automation frameworks improving testing strategies and enhancing software quality standards public speaking fitness yoga practical focused supportive optimistic confident accountability discipline empathy continuous learning junit selenium git software testing
U012,Shreya Mishra,25,Female,Ahmedabad,Gujarat,Data Analyst,2,B.Tech Information Technology,Data Analyst,Remote,Small (2-5 members),Books,"English, Tamil",Microsoft Certified,Immediately Available,Analytics,"Tableau, Data Cleaning, Business Analytics, Statistics, Excel",Specialize in customer analytics,ISFJ,"Data Analyst skilled in SQL, Python, Excel, and Power BI for transforming complex datasets into actionable business insights.","I value accuracy, teamwork, and continuous learning. Outside work, I enjoy reading, chess, and improving my analytical skills.","Nature Walks, Public Speaking, Volunteering, Photography",organized,"innovative, curious, practical, patient","Creativity, Respect",6,"SQL, Power BI, Excel",Yes,https://github.com/shreyamishra470,Entry Level,Data Analyst,5-10 LPA,Analytics,Less than 1 Year,"Data Analyst Tableau, Data Cleaning, Business Analytics, Statistics, Excel Specialize in customer analytics Data Analyst skilled in SQL, Python, Excel, and Power BI for transforming complex datasets into actionable business insights. I value accuracy, teamwork, and continuous learning. Outside work, I enjoy reading, chess, and improving my analytical skills. Nature Walks, Public Speaking, Volunteering, Photography innovative, curious, practical, patient Creativity, Respect SQL, Power BI, Excel Analytics",data analyst tableau data cleaning business analytics statistics excel specialize in customer analytics data analyst skilled in sql python excel and power bi for transforming complex datasets into actionable business insights i value accuracy teamwork and continuous learning outside work i enjoy reading chess and improving my analytical skills nature walks public speaking volunteering photography innovative curious practical patient creativity respect sql power bi excel analytics
U013,Mounika Das,35,Male,Bengaluru,Karnataka,Cloud Engineer,10,Master of Computer Applications,Cloud Engineer,Hybrid,Small (2-5 members),Workshops,"English, Hindi",Microsoft Azure Fundamentals,Available within 30 days,Cloud Computing,"Cloud Security, Networking, CI/CD, Docker, Python, Microsoft Azure",Lead cloud migration projects,INTJ,"Experienced Cloud Engineer with expertise in virtualization, cloud platforms, containerization, and infrastructure optimization. Passionate about improving system reliability and scalability.",I believe cloud computing is transforming the future of technology. I enjoy learning new cloud services and improving infrastructure automation.,"Volunteering, Fitness, Public Speaking, Cooking, Photography",analytical,"focused, patient, supportive, creative","Accountability, Respect, Adaptability",13,"GCP, Kubernetes, Docker",Yes,https://github.com/mounikadas883,Mid Level,Cloud Engineer,12-20 LPA,Cloud Computing,2+ Years,"Cloud Engineer Cloud Security, Networking, CI/CD, Docker, Python, Microsoft Azure Lead cloud migration projects Experienced Cloud Engineer with expertise in virtualization, cloud platforms, containerization, and infrastructure optimization. Passionate about improving system reliability and scalability. I believe cloud computing is transforming the future of technology. I enjoy learning new cloud services and improving infrastructure automation. Volunteering, Fitness, Public Speaking, Cooking, Photography focused, patient, supportive, creative Accountability, Respect, Adaptability GCP, Kubernetes, Docker Cloud Computing",cloud engineer cloud security networking ci cd docker python microsoft azure lead cloud migration projects experienced cloud engineer with expertise in virtualization cloud platforms containerization and infrastructure optimization passionate about improving system reliability and scalability i believe cloud computing is transforming the future of technology i enjoy learning new cloud services and improving infrastructure automation volunteering fitness public speaking cooking photography focused patient supportive creative accountability respect adaptability gcp kubernetes docker cloud computing
U014,Vivek Reddy,21,Female,Chennai,Tamil Nadu,Cloud Engineer,0,Bachelor of Computer Applications,Cloud Engineer,Remote,Large (10+ members),Video Courses,English,Google Cloud Associate,Available within 15 days,Cloud Computing,"Cloud Security, AWS, Linux, Docker, Microsoft Azure, Terraform, CI/CD",Design scalable cloud infrastructure,ISTJ,"Information Technology professional specializing in cloud computing, infrastructure automation, and cloud-native application deployment. Experienced in modern DevOps practices.","I enjoy designing cloud infrastructures that improve scalability, reliability, and performance. Continuous learning and innovation motivate my professional growth.","Yoga, Travel, Cooking, Chess, Badminton",structured,"optimistic, innovative, confident","Teamwork, Continuous Learning, Adaptability, Integrity",2,"AWS, Docker, Kubernetes",No,https://github.com/vivekreddy491,Student,Cloud Engineer,3-5 LPA,Cloud Computing,No Experience,"Cloud Engineer Cloud Security, AWS, Linux, Docker, Microsoft Azure, Terraform, CI/CD Design scalable cloud infrastructure Information Technology professional specializing in cloud computing, infrastructure automation, and cloud-native application deployment. Experienced in modern DevOps practices. I enjoy designing cloud infrastructures that improve scalability, reliability, and performance. Continuous learning and innovation motivate my professional growth. Yoga, Travel, Cooking, Chess, Badminton optimistic, innovative, confident Teamwork, Continuous Learning, Adaptability, Integrity AWS, Docker, Kubernetes Cloud Computing",cloud engineer cloud security aws linux docker microsoft azure terraform ci cd design scalable cloud infrastructure information technology professional specializing in cloud computing infrastructure automation and cloud native application deployment experienced in modern devops practices i enjoy designing cloud infrastructures that improve scalability reliability and performance continuous learning and innovation motivate my professional growth yoga travel cooking chess badminton optimistic innovative confident teamwork continuous learning adaptability integrity aws docker kubernetes cloud computing
U015,Nikitha Naidu,34,Female,Vijayawada,Andhra Pradesh,QA Engineer,13,B.E Computer Engineering,QA Engineer,On-site,Medium (6-10 members),Mentorship,"English, Tamil",Udemy Professional Course,Immediately Available,Software Testing,"Git, Automation Testing, Software Quality Assurance, Manual Testing, JUnit, Java, Python",Lead QA automation teams,INTJ,"QA Engineer experienced in manual and automation testing using Selenium, Python, and Java. Passionate about delivering high-quality software products through effective testing strategies.","Outside work, I enjoy exploring automation frameworks, improving testing strategies, and enhancing software quality standards.","Drawing, Public Speaking, Volunteering, Cricket, Cycling",organized,"optimistic, supportive, patient","Adaptability, Accountability, Creativity",16,"Selenium, Java, TestNG",No,https://github.com/nikithanaidu318,Mid Level,QA Engineer,12-20 LPA,Software Testing,2+ Years,"QA Engineer Git, Automation Testing, Software Quality Assurance, Manual Testing, JUnit, Java, Python Lead QA automation teams QA Engineer experienced in manual and automation testing using Selenium, Python, and Java. Passionate about delivering high-quality software products through effective testing strategies. Outside work, I enjoy exploring automation frameworks, improving testing strategies, and enhancing software quality standards. Drawing, Public Speaking, Volunteering, Cricket, Cycling optimistic, supportive, patient Adaptability, Accountability, Creativity Selenium, Java, TestNG Software Testing",qa engineer git automation testing software quality assurance manual testing junit java python lead qa automation teams qa engineer experienced in manual and automation testing using selenium python and java passionate about delivering high quality software products through effective testing strategies outside work i enjoy exploring automation frameworks improving testing strategies and enhancing software quality standards drawing public speaking volunteering cricket cycling optimistic supportive patient adaptability accountability creativity selenium java testng software testing
U016,Vivaan Mishra,26,Female,Kolkata,West Bengal,Frontend Developer,0,B.Tech Information Technology,Frontend Developer,On-site,Medium (6-10 members),Books,"English, Kannada",Udemy Professional Course,Available within 30 days,Software Development,"UI Development, React, TypeScript, Bootstrap, Git",Become Frontend Architect,ISTP,"Frontend Engineer skilled in React, TypeScript, and UI development. Experienced in creating accessible, high-performance web applications that enhance user satisfaction.","I am passionate about building fast, responsive, and user-friendly websites that solve real-world problems while providing an enjoyable user experience.","Music, Chess, Blogging",adaptive,"patient, optimistic, focused, practical, confident","Creativity, Accountability, Adaptability, Innovation",9,"React, JavaScript, CSS",Yes,https://github.com/vivaanmishra881,Student,Frontend Developer,3-5 LPA,Software Development,No Experience,"Frontend Developer UI Development, React, TypeScript, Bootstrap, Git Become Frontend Architect Frontend Engineer skilled in React, TypeScript, and UI development. Experienced in creating accessible, high-performance web applications that enhance user satisfaction. I am passionate about building fast, responsive, and user-friendly websites that solve real-world problems while providing an enjoyable user experience. Music, Chess, Blogging patient, optimistic, focused, practical, confident Creativity, Accountability, Adaptability, Innovation React, JavaScript, CSS Software Development",frontend developer ui development react typescript bootstrap git become frontend architect frontend engineer skilled in react typescript and ui development experienced in creating accessible high performance web applications that enhance user satisfaction i am passionate about building fast responsive and user friendly websites that solve real world problems while providing an enjoyable user experience music chess blogging patient optimistic focused practical confident creativity accountability adaptability innovation react javascript css software development
U017,Nikitha Yadav,25,Male,Delhi,Delhi,Frontend Developer,1,M.Tech Data Science,Frontend Developer,On-site,Large (10+ members),Research Papers,"English, Telugu",Microsoft Certified,Available within 15 days,Software Development,"React, CSS, User Experience, TypeScript, Figma, REST APIs",Develop interactive web interfaces,ISTP,"Web Developer specializing in frontend technologies, responsive design, and modern JavaScript frameworks. Dedicated to building intuitive and visually appealing user interfaces.",Design and technology inspire me equally. I enjoy transforming ideas into interactive web experiences while learning new frontend frameworks.,"Chess, Reading, Nature Walks",detail-oriented,"curious, practical, optimistic, focused","Empathy, Continuous Learning",8,"Angular, TypeScript, HTML",Depends on Opportunity,https://github.com/nikithayadav287,Intern,Frontend Developer,4-6 LPA,Software Development,Less than 1 Year,"Frontend Developer React, CSS, User Experience, TypeScript, Figma, REST APIs Develop interactive web interfaces Web Developer specializing in frontend technologies, responsive design, and modern JavaScript frameworks. Dedicated to building intuitive and visually appealing user interfaces. Design and technology inspire me equally. I enjoy transforming ideas into interactive web experiences while learning new frontend frameworks. Chess, Reading, Nature Walks curious, practical, optimistic, focused Empathy, Continuous Learning Angular, TypeScript, HTML Software Development",frontend developer react css user experience typescript figma rest apis develop interactive web interfaces web developer specializing in frontend technologies responsive design and modern javascript frameworks dedicated to building intuitive and visually appealing user interfaces design and technology inspire me equally i enjoy transforming ideas into interactive web experiences while learning new frontend frameworks chess reading nature walks curious practical optimistic focused empathy continuous learning angular typescript html software development
U018,Aarav Pandey,28,Male,Visakhapatnam,Andhra Pradesh,Database Administrator,1,B.Tech Computer Science,Database Administrator,Remote,Small (2-5 members),Workshops,"English, Malayalam",Google Professional Certificate,Immediately Available,Database Management,"Linux, Performance Tuning, MySQL, SQL, Database Security, Backup and Recovery",Ensure data security,ISTJ,Database specialist focused on managing large-scale relational database systems while ensuring data integrity and operational efficiency.,"Outside work, I enjoy learning emerging database technologies and exploring cloud-based data management solutions.","Yoga, Blogging, Movies, Open Source",goal-oriented,"optimistic, innovative, practical, supportive","Integrity, Continuous Learning, Teamwork, Creativity",10,"MySQL, Backup, Linux",Depends on Opportunity,https://github.com/aaravpandey301,Intern,Database Administrator,4-6 LPA,Database Management,Less than 1 Year,"Database Administrator Linux, Performance Tuning, MySQL, SQL, Database Security, Backup and Recovery Ensure data security Database specialist focused on managing large-scale relational database systems while ensuring data integrity and operational efficiency. Outside work, I enjoy learning emerging database technologies and exploring cloud-based data management solutions. Yoga, Blogging, Movies, Open Source optimistic, innovative, practical, supportive Integrity, Continuous Learning, Teamwork, Creativity MySQL, Backup, Linux Database Management",database administrator linux performance tuning mysql sql database security backup and recovery ensure data security database specialist focused on managing large scale relational database systems while ensuring data integrity and operational efficiency outside work i enjoy learning emerging database technologies and exploring cloud based data management solutions yoga blogging movies open source optimistic innovative practical supportive integrity continuous learning teamwork creativity mysql backup linux database management
U019,Nikhil Iyer,22,Male,Ahmedabad,Gujarat,Business Analyst,0,Bachelor of Computer Applications,Business Analyst,Hybrid,Small (2-5 members),Mentorship,"English, Kannada",Coursera Professional Certificate,Available within 30 days,Business Analytics,"Tableau, Power BI, Stakeholder Management, Excel, Python",Improve business processes,ESTJ,"Experienced Business Analyst specializing in process improvement, data analysis, and business intelligence solutions that support strategic decision-making.",I enjoy understanding business challenges and identifying opportunities for improvement through analytical thinking and collaboration.,"Nature Walks, Blogging, Fitness",analytical,"analytical, curious, creative","Adaptability, Respect, Empathy",3,"Excel, Tableau, Power BI",No,https://github.com/nikhiliyer686,Student,Business Analyst,3-5 LPA,Business Analytics,No Experience,"Business Analyst Tableau, Power BI, Stakeholder Management, Excel, Python Improve business processes Experienced Business Analyst specializing in process improvement, data analysis, and business intelligence solutions that support strategic decision-making. I enjoy understanding business challenges and identifying opportunities for improvement through analytical thinking and collaboration. Nature Walks, Blogging, Fitness analytical, curious, creative Adaptability, Respect, Empathy Excel, Tableau, Power BI Business Analytics",business analyst tableau power bi stakeholder management excel python improve business processes experienced business analyst specializing in process improvement data analysis and business intelligence solutions that support strategic decision making i enjoy understanding business challenges and identifying opportunities for improvement through analytical thinking and collaboration nature walks blogging fitness analytical curious creative adaptability respect empathy excel tableau power bi business analytics
U020,Sai Yadav,25,Female,Visakhapatnam,Andhra Pradesh,Software Engineer,2,Bachelor of Computer Applications,Software Engineer,On-site,Large (10+ members),Hands-on Projects,"English, Malayalam",Google Professional Certificate,Immediately Available,Information Technology,"Git, Data Structures, REST APIs, Software Design, SQL, Object-Oriented Programming, Python",Become a Software Architect,ISTP,"Software Engineer skilled in Python, Java, SQL, and modern software development practices. Interested in developing innovative applications that improve user experience and business productivity.","I enjoy writing efficient code, optimizing applications, and mentoring others while working on meaningful software projects.","Public Speaking, Cricket, Cooking, Volunteering, Drawing",independent,"focused, innovative, practical, creative","Continuous Learning, Innovation, Creativity, Teamwork",1,"Java, Spring Boot, MySQL",Yes,https://github.com/saiyadav715,Entry Level,Software Engineer,5-10 LPA,Information Technology,Less than 1 Year,"Software Engineer Git, Data Structures, REST APIs, Software Design, SQL, Object-Oriented Programming, Python Become a Software Architect Software Engineer skilled in Python, Java, SQL, and modern software development practices. Interested in developing innovative applications that improve user experience and business productivity. I enjoy writing efficient code, optimizing applications, and mentoring others while working on meaningful software projects. Public Speaking, Cricket, Cooking, Volunteering, Drawing focused, innovative, practical, creative Continuous Learning, Innovation, Creativity, Teamwork Java, Spring Boot, MySQL Information Technology",software engineer git data structures rest apis software design sql object oriented programming python become a software architect software engineer skilled in python java sql and modern software development practices interested in developing innovative applications that improve user experience and business productivity i enjoy writing efficient code optimizing applications and mentoring others while working on meaningful software projects public speaking cricket cooking volunteering drawing focused innovative practical creative continuous learning innovation creativity teamwork java spring boot mysql information technology
U021,Nikitha Mishra,31,Female,Lucknow,Uttar Pradesh,Data Engineer,10,M.Tech Artificial Intelligence,Data Engineer,Remote,Small (2-5 members),Workshops,"English, Hindi, Telugu",Udemy Professional Course,Available within 30 days,Information Technology,"Docker, Python, AWS, SQL, Data Warehousing, Apache Spark",Improve enterprise data infrastructure,INTP,"Passionate Data Engineer experienced in modern cloud technologies, distributed computing, and data infrastructure optimization for enterprise solutions.","I enjoy designing reliable data systems that support analytics and machine learning applications. I value efficiency, collaboration, and continuous improvement.","Gaming, Cricket, Nature Walks",detail-oriented,"supportive, practical, analytical, curious","Adaptability, Teamwork, Innovation, Empathy",14,"Spark, AWS, Docker",No,https://github.com/nikithamishra305,Mid Level,Data Engineer,12-20 LPA,Information Technology,2+ Years,"Data Engineer Docker, Python, AWS, SQL, Data Warehousing, Apache Spark Improve enterprise data infrastructure Passionate Data Engineer experienced in modern cloud technologies, distributed computing, and data infrastructure optimization for enterprise solutions. I enjoy designing reliable data systems that support analytics and machine learning applications. I value efficiency, collaboration, and continuous improvement. Gaming, Cricket, Nature Walks supportive, practical, analytical, curious Adaptability, Teamwork, Innovation, Empathy Spark, AWS, Docker Information Technology",data engineer docker python aws sql data warehousing apache spark improve enterprise data infrastructure passionate data engineer experienced in modern cloud technologies distributed computing and data infrastructure optimization for enterprise solutions i enjoy designing reliable data systems that support analytics and machine learning applications i value efficiency collaboration and continuous improvement gaming cricket nature walks supportive practical analytical curious adaptability teamwork innovation empathy spark aws docker information technology
U022,Harini Sharma,27,Female,Lucknow,Uttar Pradesh,NLP Engineer,3,M.Tech Artificial Intelligence,NLP Engineer,On-site,Small (2-5 members),Books,"English, Kannada",Microsoft Certified,Immediately Available,Artificial Intelligence,"NLTK, Natural Language Processing, PyTorch, Git, spaCy",Research large language models,ESFP,AI enthusiast specializing in Natural Language Processing and deep learning. Experienced in designing language understanding solutions that enhance user interaction and information retrieval.,I believe language is one of the most fascinating challenges in artificial intelligence. I enjoy collaborating with others and experimenting with modern language models.,"Cycling, Movies, Cricket, Reading",analytical,"optimistic, supportive, creative, patient, practical","Creativity, Adaptability, Accountability",8,"Python, NLTK, Hugging Face",Yes,https://github.com/harinisharma575,Entry Level,NLP Engineer,5-10 LPA,Artificial Intelligence,1-2 Years,"NLP Engineer NLTK, Natural Language Processing, PyTorch, Git, spaCy Research large language models AI enthusiast specializing in Natural Language Processing and deep learning. Experienced in designing language understanding solutions that enhance user interaction and information retrieval. I believe language is one of the most fascinating challenges in artificial intelligence. I enjoy collaborating with others and experimenting with modern language models. Cycling, Movies, Cricket, Reading optimistic, supportive, creative, patient, practical Creativity, Adaptability, Accountability Python, NLTK, Hugging Face Artificial Intelligence",nlp engineer nltk natural language processing pytorch git spacy research large language models ai enthusiast specializing in natural language processing and deep learning experienced in designing language understanding solutions that enhance user interaction and information retrieval i believe language is one of the most fascinating challenges in artificial intelligence i enjoy collaborating with others and experimenting with modern language models cycling movies cricket reading optimistic supportive creative patient practical creativity adaptability accountability python nltk hugging face artificial intelligence
U023,Nandini Joshi,24,Male,Ahmedabad,Gujarat,Data Engineer,3,M.Tech Data Science,Data Engineer,Hybrid,Small (2-5 members),Books,"English, Telugu",Udemy Professional Course,Immediately Available,Information Technology,"Hadoop, Linux, Apache Airflow, Big Data, Git, Python, Apache Spark",Become a Big Data Architect,INTP,"Data Engineering professional focused on transforming raw data into reliable, scalable, and high-quality datasets for business intelligence and machine learning applications.","Curious and detail-oriented, I enjoy solving complex data engineering challenges and building scalable solutions for large organizations. Outside work, I enjoy learning cloud technologies.","Fitness, Music, Drawing, Cricket, Cycling",structured,"innovative, analytical, focused, practical, supportive","Accountability, Creativity, Empathy, Adaptability",1,"Python, Spark, Hadoop",Depends on Opportunity,https://github.com/nandinijoshi900,Entry Level,Data Engineer,5-10 LPA,Information Technology,1-2 Years,"Data Engineer Hadoop, Linux, Apache Airflow, Big Data, Git, Python, Apache Spark Become a Big Data Architect Data Engineering professional focused on transforming raw data into reliable, scalable, and high-quality datasets for business intelligence and machine learning applications. Curious and detail-oriented, I enjoy solving complex data engineering challenges and building scalable solutions for large organizations. Outside work, I enjoy learning cloud technologies. Fitness, Music, Drawing, Cricket, Cycling innovative, analytical, focused, practical, supportive Accountability, Creativity, Empathy, Adaptability Python, Spark, Hadoop Information Technology",data engineer hadoop linux apache airflow big data git python apache spark become a big data architect data engineering professional focused on transforming raw data into reliable scalable and high quality datasets for business intelligence and machine learning applications curious and detail oriented i enjoy solving complex data engineering challenges and building scalable solutions for large organizations outside work i enjoy learning cloud technologies fitness music drawing cricket cycling innovative analytical focused practical supportive accountability creativity empathy adaptability python spark hadoop information technology
U024,Swathi Patel,22,Male,Mumbai,Maharashtra,Solutions Architect,0,B.Tech Computer Science,Solutions Architect,Hybrid,Small (2-5 members),Research Papers,"English, Hindi, Telugu",Coursera Professional Certificate,Available within 15 days,Information Technology,"Software Architecture, Enterprise Solutions, Microservices, Azure, Cloud Architecture",Become Chief Technology Architect,ISFP,"Solutions Architect experienced in designing scalable enterprise systems using cloud computing, software architecture, and modern engineering practices.","Outside work, I enjoy exploring emerging cloud technologies, system design concepts, and enterprise architecture patterns.","Volunteering, Badminton, Cooking, Nature Walks, Movies",independent,"innovative, patient, supportive, optimistic, analytical","Empathy, Respect",6,"Azure, Java, Microservices",Yes,https://github.com/swathipatel642,Student,Solutions Architect,3-5 LPA,Information Technology,No Experience,"Solutions Architect Software Architecture, Enterprise Solutions, Microservices, Azure, Cloud Architecture Become Chief Technology Architect Solutions Architect experienced in designing scalable enterprise systems using cloud computing, software architecture, and modern engineering practices. Outside work, I enjoy exploring emerging cloud technologies, system design concepts, and enterprise architecture patterns. Volunteering, Badminton, Cooking, Nature Walks, Movies innovative, patient, supportive, optimistic, analytical Empathy, Respect Azure, Java, Microservices Information Technology",solutions architect software architecture enterprise solutions microservices azure cloud architecture become chief technology architect solutions architect experienced in designing scalable enterprise systems using cloud computing software architecture and modern engineering practices outside work i enjoy exploring emerging cloud technologies system design concepts and enterprise architecture patterns volunteering badminton cooking nature walks movies innovative patient supportive optimistic analytical empathy respect azure java microservices information technology
U025,Nandini Iyer,21,Female,Jaipur,Rajasthan,Product Manager,0,Master of Computer Applications,Product Manager,Hybrid,Small (2-5 members),Video Courses,"English, Hindi, Tamil",Coursera Professional Certificate,Available within 30 days,Product Management,"Market Research, SQL, Communication, Scrum, Agile, Roadmapping",Become Head of Product,ESTP,Technology-focused Product Manager dedicated to improving customer experience through data-driven product decisions and continuous innovation.,"I believe successful products are created through teamwork, innovation, and continuous customer feedback.","Reading, Open Source, Cricket, Yoga",structured,"curious, supportive, optimistic, innovative, analytical","Creativity, Teamwork, Discipline, Respect",3,"JIRA, SQL, Analytics",No,https://github.com/nandiniiyer692,Student,Product Manager,3-5 LPA,Product Management,No Experience,"Product Manager Market Research, SQL, Communication, Scrum, Agile, Roadmapping Become Head of Product Technology-focused Product Manager dedicated to improving customer experience through data-driven product decisions and continuous innovation. I believe successful products are created through teamwork, innovation, and continuous customer feedback. Reading, Open Source, Cricket, Yoga curious, supportive, optimistic, innovative, analytical Creativity, Teamwork, Discipline, Respect JIRA, SQL, Analytics Product Management",product manager market research sql communication scrum agile roadmapping become head of product technology focused product manager dedicated to improving customer experience through data driven product decisions and continuous innovation i believe successful products are created through teamwork innovation and continuous customer feedback reading open source cricket yoga curious supportive optimistic innovative analytical creativity teamwork discipline respect jira sql analytics product management
U026,Vivek Bhat,32,Female,Lucknow,Uttar Pradesh,Frontend Developer,5,B.Tech Information Technology,Frontend Developer,On-site,Medium (6-10 members),Workshops,"English, Malayalam",Microsoft Certified,Available within 15 days,Software Development,"Figma, JavaScript, CSS, HTML, Bootstrap, Responsive Design, React",Build responsive web applications,INFP,"Frontend Developer experienced in designing responsive and interactive web applications using HTML, CSS, JavaScript, and React. Passionate about delivering engaging user experiences.",I believe great software begins with an excellent user experience. I enjoy working closely with designers and backend developers to build complete web solutions.,"Cycling, Travel, Public Speaking, Music",detail-oriented,"innovative, confident, focused","Accountability, Integrity",14,"React, JavaScript, CSS",Yes,https://github.com/vivekbhat783,Associate,Frontend Developer,8-15 LPA,Software Development,1-2 Years,"Frontend Developer Figma, JavaScript, CSS, HTML, Bootstrap, Responsive Design, React Build responsive web applications Frontend Developer experienced in designing responsive and interactive web applications using HTML, CSS, JavaScript, and React. Passionate about delivering engaging user experiences. I believe great software begins with an excellent user experience. I enjoy working closely with designers and backend developers to build complete web solutions. Cycling, Travel, Public Speaking, Music innovative, confident, focused Accountability, Integrity React, JavaScript, CSS Software Development",frontend developer figma javascript css html bootstrap responsive design react build responsive web applications frontend developer experienced in designing responsive and interactive web applications using html css javascript and react passionate about delivering engaging user experiences i believe great software begins with an excellent user experience i enjoy working closely with designers and backend developers to build complete web solutions cycling travel public speaking music innovative confident focused accountability integrity react javascript css software development
U027,Vivek Ghosh,28,Female,Kolkata,West Bengal,Product Manager,1,B.E Computer Engineering,Product Manager,On-site,Medium (6-10 members),Hands-on Projects,"English, Tamil",Google Professional Certificate,Immediately Available,Product Management,"SQL, Decision Making, Market Research, Leadership, User Research, Product Strategy",Lead product strategy,ENFP,"Results-oriented Product Manager specializing in product lifecycle management, stakeholder communication, and business growth.","Collaboration, creativity, and strategic thinking motivate me to build products that improve people's lives.","Travel, Blogging, Nature Walks",detail-oriented,"supportive, focused, innovative, optimistic","Innovation, Accountability, Continuous Learning, Discipline",11,"Agile, Scrum, Jira",Depends on Opportunity,https://github.com/vivekghosh136,Intern,Product Manager,4-6 LPA,Product Management,Less than 1 Year,"Product Manager SQL, Decision Making, Market Research, Leadership, User Research, Product Strategy Lead product strategy Results-oriented Product Manager specializing in product lifecycle management, stakeholder communication, and business growth. Collaboration, creativity, and strategic thinking motivate me to build products that improve people's lives. Travel, Blogging, Nature Walks supportive, focused, innovative, optimistic Innovation, Accountability, Continuous Learning, Discipline Agile, Scrum, Jira Product Management",product manager sql decision making market research leadership user research product strategy lead product strategy results oriented product manager specializing in product lifecycle management stakeholder communication and business growth collaboration creativity and strategic thinking motivate me to build products that improve people s lives travel blogging nature walks supportive focused innovative optimistic innovation accountability continuous learning discipline agile scrum jira product management
U028,Shruti Agarwal,25,Female,Mumbai,Maharashtra,Computer Vision Engineer,2,B.Tech Information Technology,Computer Vision Engineer,Remote,Medium (6-10 members),Hands-on Projects,"English, Kannada",Google Professional Certificate,Immediately Available,Artificial Intelligence,"Git, Deep Learning, PyTorch, YOLO, Object Detection",Build autonomous computer vision applications,ENFP,"Experienced Computer Vision Engineer focused on image analysis, object detection, and visual intelligence using TensorFlow and PyTorch.","Curious and analytical by nature, I enjoy transforming visual data into intelligent solutions while continuously improving my technical and research skills.","Badminton, Gaming, Music",proactive,"practical, patient, confident","Innovation, Integrity, Respect",1,"Python, TensorFlow, OpenCV",No,https://github.com/shrutiagarwal427,Entry Level,Computer Vision Engineer,5-10 LPA,Artificial Intelligence,Less than 1 Year,"Computer Vision Engineer Git, Deep Learning, PyTorch, YOLO, Object Detection Build autonomous computer vision applications Experienced Computer Vision Engineer focused on image analysis, object detection, and visual intelligence using TensorFlow and PyTorch. Curious and analytical by nature, I enjoy transforming visual data into intelligent solutions while continuously improving my technical and research skills. Badminton, Gaming, Music practical, patient, confident Innovation, Integrity, Respect Python, TensorFlow, OpenCV Artificial Intelligence",computer vision engineer git deep learning pytorch yolo object detection build autonomous computer vision applications experienced computer vision engineer focused on image analysis object detection and visual intelligence using tensorflow and pytorch curious and analytical by nature i enjoy transforming visual data into intelligent solutions while continuously improving my technical and research skills badminton gaming music practical patient confident innovation integrity respect python tensorflow opencv artificial intelligence
U029,Harsha Kumar,25,Female,Lucknow,Uttar Pradesh,UI/UX Designer,0,B.Tech Information Technology,UI/UX Designer,On-site,Medium (6-10 members),Workshops,"English, Telugu",Google Professional Certificate,Available within 15 days,Design,"Adobe XD, Communication, Figma, Wireframing, Illustrator",Become UX Architect,ISFP,"UI/UX Designer dedicated to developing accessible, visually appealing, and user-friendly digital products.","I believe excellent design combines functionality, accessibility, and visual appeal to deliver meaningful user experiences.","Movies, Badminton, Travel, Public Speaking",proactive,"practical, curious, optimistic","Integrity, Adaptability, Empathy",3,"Figma, Illustrator, Adobe XD",Yes,https://github.com/harshakumar563,Student,UI/UX Designer,3-5 LPA,Design,No Experience,"UI/UX Designer Adobe XD, Communication, Figma, Wireframing, Illustrator Become UX Architect UI/UX Designer dedicated to developing accessible, visually appealing, and user-friendly digital products. I believe excellent design combines functionality, accessibility, and visual appeal to deliver meaningful user experiences. Movies, Badminton, Travel, Public Speaking practical, curious, optimistic Integrity, Adaptability, Empathy Figma, Illustrator, Adobe XD Design",ui ux designer adobe xd communication figma wireframing illustrator become ux architect ui ux designer dedicated to developing accessible visually appealing and user friendly digital products i believe excellent design combines functionality accessibility and visual appeal to deliver meaningful user experiences movies badminton travel public speaking practical curious optimistic integrity adaptability empathy figma illustrator adobe xd design
U030,Pooja Rao,22,Male,Bhubaneswar,Odisha,Data Engineer,1,B.E Computer Engineering,Data Engineer,Hybrid,Large (10+ members),Workshops,"English, Hindi, Tamil",Google Professional Certificate,Available within 30 days,Information Technology,"Big Data, AWS, SQL, Linux, Data Warehousing, ETL",Build modern data platforms,ENTJ,"Passionate Data Engineer experienced in modern cloud technologies, distributed computing, and data infrastructure optimization for enterprise solutions.",I am passionate about building efficient data platforms that enable organizations to make data-driven decisions. Continuous learning and innovation motivate my professional growth.,"Nature Walks, Gaming, Volunteering, Public Speaking, Blogging",adaptive,"supportive, innovative, confident, focused","Creativity, Accountability",4,"Spark, AWS, Docker",Depends on Opportunity,https://github.com/poojarao712,Intern,Data Engineer,4-6 LPA,Information Technology,Less than 1 Year,"Data Engineer Big Data, AWS, SQL, Linux, Data Warehousing, ETL Build modern data platforms Passionate Data Engineer experienced in modern cloud technologies, distributed computing, and data infrastructure optimization for enterprise solutions. I am passionate about building efficient data platforms that enable organizations to make data-driven decisions. Continuous learning and innovation motivate my professional growth. Nature Walks, Gaming, Volunteering, Public Speaking, Blogging supportive, innovative, confident, focused Creativity, Accountability Spark, AWS, Docker Information Technology",data engineer big data aws sql linux data warehousing etl build modern data platforms passionate data engineer experienced in modern cloud technologies distributed computing and data infrastructure optimization for enterprise solutions i am passionate about building efficient data platforms that enable organizations to make data driven decisions continuous learning and innovation motivate my professional growth nature walks gaming volunteering public speaking blogging supportive innovative confident focused creativity accountability spark aws docker information technology
U031,Ananya Bhat,26,Male,Pune,Maharashtra,Data Scientist,0,B.E Computer Engineering,Data Scientist,On-site,Small (2-5 members),Books,"English, Hindi, Telugu",Python for Data Science,Available within 30 days,Information Technology,"Tableau, SQL, Data Visualization, Power BI, Python",Build predictive analytics solutions,ENTJ,"Data Scientist experienced in extracting insights from structured and unstructured data using Python, SQL, and machine learning techniques.",I am naturally curious and enjoy transforming raw data into valuable knowledge that creates real-world impact.,"Chess, Hackathons, Travel, Movies, Gaming",detail-oriented,"supportive, patient, analytical, creative, optimistic","Continuous Learning, Respect, Teamwork",10,"Python, Tableau, Scikit-learn",Depends on Opportunity,https://github.com/ananyabhat271,Student,Data Scientist,3-5 LPA,Information Technology,No Experience,"Data Scientist Tableau, SQL, Data Visualization, Power BI, Python Build predictive analytics solutions Data Scientist experienced in extracting insights from structured and unstructured data using Python, SQL, and machine learning techniques. I am naturally curious and enjoy transforming raw data into valuable knowledge that creates real-world impact. Chess, Hackathons, Travel, Movies, Gaming supportive, patient, analytical, creative, optimistic Continuous Learning, Respect, Teamwork Python, Tableau, Scikit-learn Information Technology",data scientist tableau sql data visualization power bi python build predictive analytics solutions data scientist experienced in extracting insights from structured and unstructured data using python sql and machine learning techniques i am naturally curious and enjoy transforming raw data into valuable knowledge that creates real world impact chess hackathons travel movies gaming supportive patient analytical creative optimistic continuous learning respect teamwork python tableau scikit learn information technology
U032,Megha Ghosh,34,Male,Ahmedabad,Gujarat,Frontend Developer,0,Bachelor of Computer Applications,Frontend Developer,Hybrid,Small (2-5 members),Video Courses,"English, Hindi",Google Professional Certificate,Available within 30 days,Software Development,"Git, Figma, REST APIs, HTML, Bootstrap, User Experience, CSS",Become Frontend Architect,ISFP,"Frontend Engineer skilled in React, TypeScript, and UI development. Experienced in creating accessible, high-performance web applications that enhance user satisfaction.",I believe great software begins with an excellent user experience. I enjoy working closely with designers and backend developers to build complete web solutions.,"Public Speaking, Cycling, Cooking, Hackathons",analytical,"focused, analytical, curious, confident, innovative","Integrity, Continuous Learning, Respect, Teamwork",6,"React, JavaScript, CSS",Depends on Opportunity,https://github.com/meghaghosh795,Student,Frontend Developer,3-5 LPA,Software Development,No Experience,"Frontend Developer Git, Figma, REST APIs, HTML, Bootstrap, User Experience, CSS Become Frontend Architect Frontend Engineer skilled in React, TypeScript, and UI development. Experienced in creating accessible, high-performance web applications that enhance user satisfaction. I believe great software begins with an excellent user experience. I enjoy working closely with designers and backend developers to build complete web solutions. Public Speaking, Cycling, Cooking, Hackathons focused, analytical, curious, confident, innovative Integrity, Continuous Learning, Respect, Teamwork React, JavaScript, CSS Software Development",frontend developer git figma rest apis html bootstrap user experience css become frontend architect frontend engineer skilled in react typescript and ui development experienced in creating accessible high performance web applications that enhance user satisfaction i believe great software begins with an excellent user experience i enjoy working closely with designers and backend developers to build complete web solutions public speaking cycling cooking hackathons focused analytical curious confident innovative integrity continuous learning respect teamwork react javascript css software development
U033,Divya Rao,30,Female,Delhi,Delhi,Cloud Engineer,0,B.Tech Computer Science,Cloud Engineer,Remote,Small (2-5 members),Research Papers,"English, Kannada",AWS Certified Cloud Practitioner,Available within 15 days,Cloud Computing,"Terraform, Kubernetes, Docker, Cloud Security, Microsoft Azure, Google Cloud Platform",Improve cloud security,ISTP,"Technology enthusiast specializing in cloud architecture, automation, and distributed computing. Dedicated to delivering efficient cloud-based solutions.",I believe cloud computing is transforming the future of technology. I enjoy learning new cloud services and improving infrastructure automation.,"Reading, Drawing, Volunteering",detail-oriented,"innovative, confident, patient","Discipline, Creativity, Continuous Learning, Teamwork",4,"Azure, Terraform, Linux",Depends on Opportunity,https://github.com/divyarao507,Student,Cloud Engineer,3-5 LPA,Cloud Computing,No Experience,"Cloud Engineer Terraform, Kubernetes, Docker, Cloud Security, Microsoft Azure, Google Cloud Platform Improve cloud security Technology enthusiast specializing in cloud architecture, automation, and distributed computing. Dedicated to delivering efficient cloud-based solutions. I believe cloud computing is transforming the future of technology. I enjoy learning new cloud services and improving infrastructure automation. Reading, Drawing, Volunteering innovative, confident, patient Discipline, Creativity, Continuous Learning, Teamwork Azure, Terraform, Linux Cloud Computing",cloud engineer terraform kubernetes docker cloud security microsoft azure google cloud platform improve cloud security technology enthusiast specializing in cloud architecture automation and distributed computing dedicated to delivering efficient cloud based solutions i believe cloud computing is transforming the future of technology i enjoy learning new cloud services and improving infrastructure automation reading drawing volunteering innovative confident patient discipline creativity continuous learning teamwork azure terraform linux cloud computing
U034,Shreya Patel,21,Female,Visakhapatnam,Andhra Pradesh,DevOps Engineer,0,B.E Computer Engineering,DevOps Engineer,Remote,Medium (6-10 members),Hands-on Projects,"English, Kannada",Udemy Professional Course,Available within 30 days,Cloud Computing,"Kubernetes, Linux, Shell Scripting, Git, Python, Monitoring",Optimize cloud infrastructure,ENTJ,"DevOps Engineer experienced in infrastructure automation, CI/CD pipeline development, and cloud deployment using Docker, Kubernetes, and AWS.",I believe automation is essential for modern software engineering. I enjoy collaborating with developers and operations teams to deliver reliable applications.,"Open Source, Chess, Cycling",organized,"creative, analytical, confident, optimistic","Teamwork, Creativity, Discipline, Empathy",5,"AWS, Terraform, Linux",Depends on Opportunity,https://github.com/shreyapatel456,Student,DevOps Engineer,3-5 LPA,Cloud Computing,No Experience,"DevOps Engineer Kubernetes, Linux, Shell Scripting, Git, Python, Monitoring Optimize cloud infrastructure DevOps Engineer experienced in infrastructure automation, CI/CD pipeline development, and cloud deployment using Docker, Kubernetes, and AWS. I believe automation is essential for modern software engineering. I enjoy collaborating with developers and operations teams to deliver reliable applications. Open Source, Chess, Cycling creative, analytical, confident, optimistic Teamwork, Creativity, Discipline, Empathy AWS, Terraform, Linux Cloud Computing",devops engineer kubernetes linux shell scripting git python monitoring optimize cloud infrastructure devops engineer experienced in infrastructure automation ci cd pipeline development and cloud deployment using docker kubernetes and aws i believe automation is essential for modern software engineering i enjoy collaborating with developers and operations teams to deliver reliable applications open source chess cycling creative analytical confident optimistic teamwork creativity discipline empathy aws terraform linux cloud computing
U035,Sravani Kumar,22,Male,Kolkata,West Bengal,QA Engineer,1,Bachelor of Computer Applications,QA Engineer,On-site,Medium (6-10 members),Mentorship,"English, Hindi, Telugu",Microsoft Certified,Available within 15 days,Software Testing,"Java, Python, Selenium, Git, Automation Testing",Become Test Architect,ISFP,"Quality Assurance Engineer with expertise in functional testing, automation tools, and continuous testing practices. Passionate about improving software performance and reliability.","Outside work, I enjoy exploring automation frameworks, improving testing strategies, and enhancing software quality standards.","Chess, Cricket, Photography, Hackathons",proactive,"optimistic, supportive, confident","Integrity, Creativity",6,"JUnit, Selenium, Git",Depends on Opportunity,https://github.com/sravanikumar251,Intern,QA Engineer,4-6 LPA,Software Testing,Less than 1 Year,"QA Engineer Java, Python, Selenium, Git, Automation Testing Become Test Architect Quality Assurance Engineer with expertise in functional testing, automation tools, and continuous testing practices. Passionate about improving software performance and reliability. Outside work, I enjoy exploring automation frameworks, improving testing strategies, and enhancing software quality standards. Chess, Cricket, Photography, Hackathons optimistic, supportive, confident Integrity, Creativity JUnit, Selenium, Git Software Testing",qa engineer java python selenium git automation testing become test architect quality assurance engineer with expertise in functional testing automation tools and continuous testing practices passionate about improving software performance and reliability outside work i enjoy exploring automation frameworks improving testing strategies and enhancing software quality standards chess cricket photography hackathons optimistic supportive confident integrity creativity junit selenium git software testing
U036,Surya Reddy,34,Male,Visakhapatnam,Andhra Pradesh,Backend Developer,10,M.Tech Artificial Intelligence,Backend Developer,On-site,Small (2-5 members),Hands-on Projects,English,Google Professional Certificate,Available within 15 days,Software Development,"Git, Microservices, Docker, SQL, MongoDB",Develop distributed applications,INTJ,Experienced Backend Developer focused on designing efficient server-side architectures and high-performance web applications for enterprise solutions.,"Continuous learning, teamwork, and software quality drive my professional growth. I enjoy exploring new backend technologies and development practices.","Cooking, Photography, Blogging, Public Speaking, Movies",proactive,"practical, creative, focused, confident, innovative","Accountability, Creativity, Integrity",7,"Python, Django, PostgreSQL",Depends on Opportunity,https://github.com/suryareddy670,Mid Level,Backend Developer,12-20 LPA,Software Development,2+ Years,"Backend Developer Git, Microservices, Docker, SQL, MongoDB Develop distributed applications Experienced Backend Developer focused on designing efficient server-side architectures and high-performance web applications for enterprise solutions. Continuous learning, teamwork, and software quality drive my professional growth. I enjoy exploring new backend technologies and development practices. Cooking, Photography, Blogging, Public Speaking, Movies practical, creative, focused, confident, innovative Accountability, Creativity, Integrity Python, Django, PostgreSQL Software Development",backend developer git microservices docker sql mongodb develop distributed applications experienced backend developer focused on designing efficient server side architectures and high performance web applications for enterprise solutions continuous learning teamwork and software quality drive my professional growth i enjoy exploring new backend technologies and development practices cooking photography blogging public speaking movies practical creative focused confident innovative accountability creativity integrity python django postgresql software development
U037,Tanvi Jain,22,Female,Kochi,Kerala,Solutions Architect,0,Bachelor of Computer Applications,Solutions Architect,On-site,Medium (6-10 members),Video Courses,"English, Telugu",Coursera Professional Certificate,Available within 30 days,Information Technology,"Cloud Architecture, Java, Kubernetes, Microservices, Software Architecture, Docker",Drive digital transformation,ESTJ,"Solutions Architect experienced in designing scalable enterprise systems using cloud computing, software architecture, and modern engineering practices.","I am passionate about helping organizations adopt modern technologies while designing secure, scalable, and future-ready software solutions.","Fitness, Movies, Music, Volunteering",proactive,"curious, focused, optimistic, analytical","Creativity, Empathy",3,"Azure, Java, Microservices",Depends on Opportunity,https://github.com/tanvijain352,Student,Solutions Architect,3-5 LPA,Information Technology,No Experience,"Solutions Architect Cloud Architecture, Java, Kubernetes, Microservices, Software Architecture, Docker Drive digital transformation Solutions Architect experienced in designing scalable enterprise systems using cloud computing, software architecture, and modern engineering practices. I am passionate about helping organizations adopt modern technologies while designing secure, scalable, and future-ready software solutions. Fitness, Movies, Music, Volunteering curious, focused, optimistic, analytical Creativity, Empathy Azure, Java, Microservices Information Technology",solutions architect cloud architecture java kubernetes microservices software architecture docker drive digital transformation solutions architect experienced in designing scalable enterprise systems using cloud computing software architecture and modern engineering practices i am passionate about helping organizations adopt modern technologies while designing secure scalable and future ready software solutions fitness movies music volunteering curious focused optimistic analytical creativity empathy azure java microservices information technology
U038,Siddharth Mehta,23,Female,Kochi,Kerala,Full Stack Developer,1,Master of Computer Applications,Full Stack Developer,On-site,Large (10+ members),Video Courses,English,Google Professional Certificate,Available within 15 days,Software Development,"Django, JavaScript, MongoDB, REST APIs, Python",Lead software development teams,ISFJ,"Software Engineer specializing in full stack application development with expertise in React, Django, Node.js, and SQL databases. Experienced in developing end-to-end web solutions.",I am motivated by solving real-world problems through software development and continuously improving my technical and problem-solving skills.,"Blogging, Public Speaking, Chess, Badminton, Yoga",proactive,"optimistic, supportive, patient","Adaptability, Empathy, Discipline",2,"React, Node.js, MongoDB",Yes,https://github.com/siddharthmehta150,Intern,Full Stack Developer,4-6 LPA,Software Development,Less than 1 Year,"Full Stack Developer Django, JavaScript, MongoDB, REST APIs, Python Lead software development teams Software Engineer specializing in full stack application development with expertise in React, Django, Node.js, and SQL databases. Experienced in developing end-to-end web solutions. I am motivated by solving real-world problems through software development and continuously improving my technical and problem-solving skills. Blogging, Public Speaking, Chess, Badminton, Yoga optimistic, supportive, patient Adaptability, Empathy, Discipline React, Node.js, MongoDB Software Development",full stack developer django javascript mongodb rest apis python lead software development teams software engineer specializing in full stack application development with expertise in react django node js and sql databases experienced in developing end to end web solutions i am motivated by solving real world problems through software development and continuously improving my technical and problem solving skills blogging public speaking chess badminton yoga optimistic supportive patient adaptability empathy discipline react node js mongodb software development
U039,Siri Nair,27,Male,Bhubaneswar,Odisha,UI/UX Designer,5,B.Tech Computer Science,UI/UX Designer,Remote,Medium (6-10 members),Books,"English, Tamil",Udemy Professional Course,Immediately Available,Design,"Photoshop, UX Design, Wireframing, Prototyping, Illustrator, Communication, Interaction Design",Create intuitive user experiences,ENFP,"UI/UX Designer dedicated to developing accessible, visually appealing, and user-friendly digital products.",I enjoy creating intuitive experiences that make technology simple and enjoyable for users.,"Hackathons, Reading, Volunteering, Photography",adaptive,"focused, patient, innovative, curious, creative","Integrity, Creativity",9,"Figma, Adobe XD, Photoshop",No,https://github.com/sirinair806,Associate,UI/UX Designer,8-15 LPA,Design,1-2 Years,"UI/UX Designer Photoshop, UX Design, Wireframing, Prototyping, Illustrator, Communication, Interaction Design Create intuitive user experiences UI/UX Designer dedicated to developing accessible, visually appealing, and user-friendly digital products. I enjoy creating intuitive experiences that make technology simple and enjoyable for users. Hackathons, Reading, Volunteering, Photography focused, patient, innovative, curious, creative Integrity, Creativity Figma, Adobe XD, Photoshop Design",ui ux designer photoshop ux design wireframing prototyping illustrator communication interaction design create intuitive user experiences ui ux designer dedicated to developing accessible visually appealing and user friendly digital products i enjoy creating intuitive experiences that make technology simple and enjoyable for users hackathons reading volunteering photography focused patient innovative curious creative integrity creativity figma adobe xd photoshop design
U040,Karthik Malhotra,26,Male,Pune,Maharashtra,Data Analyst,0,B.Tech Information Technology,Data Analyst,Remote,Large (10+ members),Mentorship,"English, Hindi, Tamil",Google Professional Certificate,Available within 15 days,Analytics,"Power BI, SQL, Tableau, Pandas, Python",Improve organizational decision making,ENTJ,"Experienced in business analytics, reporting, and dashboard development using modern analytical tools and visualization platforms.",I believe every dataset tells a story and enjoy uncovering patterns that create business value.,"Photography, Blogging, Volunteering",structured,"analytical, practical, supportive, optimistic","Integrity, Discipline, Teamwork, Creativity",2,"Excel, SQL, Power BI",No,https://github.com/karthikmalhotra675,Student,Data Analyst,3-5 LPA,Analytics,No Experience,"Data Analyst Power BI, SQL, Tableau, Pandas, Python Improve organizational decision making Experienced in business analytics, reporting, and dashboard development using modern analytical tools and visualization platforms. I believe every dataset tells a story and enjoy uncovering patterns that create business value. Photography, Blogging, Volunteering analytical, practical, supportive, optimistic Integrity, Discipline, Teamwork, Creativity Excel, SQL, Power BI Analytics",data analyst power bi sql tableau pandas python improve organizational decision making experienced in business analytics reporting and dashboard development using modern analytical tools and visualization platforms i believe every dataset tells a story and enjoy uncovering patterns that create business value photography blogging volunteering analytical practical supportive optimistic integrity discipline teamwork creativity excel sql power bi analytics
U041,Harsha Nair,21,Female,Mumbai,Maharashtra,Software Engineer,0,Bachelor of Computer Applications,Software Engineer,Hybrid,Medium (6-10 members),Research Papers,"English, Hindi",Coursera Professional Certificate,Immediately Available,Information Technology,"Algorithms, Object-Oriented Programming, Software Design, Git, C++, Problem Solving, REST APIs",Develop scalable software solutions,ENTJ,Software Engineer experienced in designing and developing scalable applications using modern programming languages and software engineering principles. Passionate about solving complex technical problems through efficient software solutions.,"I enjoy writing efficient code, optimizing applications, and mentoring others while working on meaningful software projects.","Travel, Badminton, Cycling, Fitness, Photography",creative,"focused, creative, supportive, practical, patient","Innovation, Adaptability, Continuous Learning, Creativity",4,"Python, Django, PostgreSQL",Yes,https://github.com/harshanair449,Student,Software Engineer,3-5 LPA,Information Technology,No Experience,"Software Engineer Algorithms, Object-Oriented Programming, Software Design, Git, C++, Problem Solving, REST APIs Develop scalable software solutions Software Engineer experienced in designing and developing scalable applications using modern programming languages and software engineering principles. Passionate about solving complex technical problems through efficient software solutions. I enjoy writing efficient code, optimizing applications, and mentoring others while working on meaningful software projects. Travel, Badminton, Cycling, Fitness, Photography focused, creative, supportive, practical, patient Innovation, Adaptability, Continuous Learning, Creativity Python, Django, PostgreSQL Information Technology",software engineer algorithms object oriented programming software design git c problem solving rest apis develop scalable software solutions software engineer experienced in designing and developing scalable applications using modern programming languages and software engineering principles passionate about solving complex technical problems through efficient software solutions i enjoy writing efficient code optimizing applications and mentoring others while working on meaningful software projects travel badminton cycling fitness photography focused creative supportive practical patient innovation adaptability continuous learning creativity python django postgresql information technology
U042,Siri Yadav,25,Female,Jaipur,Rajasthan,NLP Engineer,1,Master of Computer Applications,NLP Engineer,On-site,Medium (6-10 members),Research Papers,"English, Telugu",Coursera Professional Certificate,Available within 15 days,Artificial Intelligence,"Python, NLTK, Text Analytics, BERT, Transformers",Become an NLP Architect,ENTP,"Machine Learning Engineer focused on Natural Language Processing, language modeling, and semantic analysis using modern AI frameworks. Interested in improving communication between humans and machines.","I enjoy exploring how computers understand human language and continuously learning the latest NLP techniques. I value innovation, teamwork, and writing efficient machine learning solutions.","Open Source, Cycling, Cooking, Drawing",goal-oriented,"confident, optimistic, analytical, focused","Continuous Learning, Accountability, Innovation",5,"Python, NLTK, Hugging Face",Yes,https://github.com/siriyadav47,Intern,NLP Engineer,4-6 LPA,Artificial Intelligence,Less than 1 Year,"NLP Engineer Python, NLTK, Text Analytics, BERT, Transformers Become an NLP Architect Machine Learning Engineer focused on Natural Language Processing, language modeling, and semantic analysis using modern AI frameworks. Interested in improving communication between humans and machines. I enjoy exploring how computers understand human language and continuously learning the latest NLP techniques. I value innovation, teamwork, and writing efficient machine learning solutions. Open Source, Cycling, Cooking, Drawing confident, optimistic, analytical, focused Continuous Learning, Accountability, Innovation Python, NLTK, Hugging Face Artificial Intelligence",nlp engineer python nltk text analytics bert transformers become an nlp architect machine learning engineer focused on natural language processing language modeling and semantic analysis using modern ai frameworks interested in improving communication between humans and machines i enjoy exploring how computers understand human language and continuously learning the latest nlp techniques i value innovation teamwork and writing efficient machine learning solutions open source cycling cooking drawing confident optimistic analytical focused continuous learning accountability innovation python nltk hugging face artificial intelligence
U043,Swathi Nair,22,Female,Delhi,Delhi,Software Engineer,1,M.Tech Data Science,Software Engineer,Hybrid,Medium (6-10 members),Mentorship,"English, Hindi",Google Professional Certificate,Available within 30 days,Information Technology,"Algorithms, Debugging, Data Structures, Software Design, SQL",Become a Software Architect,ISTJ,"Experienced Software Engineer with expertise in algorithms, software architecture, and application development. Passionate about creating efficient, scalable, and high-quality software products.",I believe successful software development combines technical excellence with effective teamwork. I enjoy exploring emerging technologies and improving system performance.,"Cooking, Reading, Fitness, Public Speaking, Photography",detail-oriented,"patient, focused, confident","Adaptability, Integrity, Innovation",1,"Java, Docker, Git",No,https://github.com/swathinair338,Intern,Software Engineer,4-6 LPA,Information Technology,Less than 1 Year,"Software Engineer Algorithms, Debugging, Data Structures, Software Design, SQL Become a Software Architect Experienced Software Engineer with expertise in algorithms, software architecture, and application development. Passionate about creating efficient, scalable, and high-quality software products. I believe successful software development combines technical excellence with effective teamwork. I enjoy exploring emerging technologies and improving system performance. Cooking, Reading, Fitness, Public Speaking, Photography patient, focused, confident Adaptability, Integrity, Innovation Java, Docker, Git Information Technology",software engineer algorithms debugging data structures software design sql become a software architect experienced software engineer with expertise in algorithms software architecture and application development passionate about creating efficient scalable and high quality software products i believe successful software development combines technical excellence with effective teamwork i enjoy exploring emerging technologies and improving system performance cooking reading fitness public speaking photography patient focused confident adaptability integrity innovation java docker git information technology
U044,Madhuri Yadav,26,Female,Jaipur,Rajasthan,Backend Developer,5,M.Tech Artificial Intelligence,Backend Developer,On-site,Small (2-5 members),Research Papers,"English, Malayalam",Udemy Professional Course,Immediately Available,Software Development,"MongoDB, Java, Git, Node.js, REST APIs, Django",Become Backend Architect,ISTJ,"Backend Developer experienced in building scalable server-side applications and RESTful APIs using Python, Django, and modern database technologies.","I enjoy designing reliable backend systems that power modern web applications. I value scalability, security, and writing maintainable code.","Gaming, Travel, Fitness, Music",goal-oriented,"supportive, analytical, focused","Creativity, Continuous Learning, Respect, Innovation",3,"Python, Django, PostgreSQL",Depends on Opportunity,https://github.com/madhuriyadav981,Associate,Backend Developer,8-15 LPA,Software Development,1-2 Years,"Backend Developer MongoDB, Java, Git, Node.js, REST APIs, Django Become Backend Architect Backend Developer experienced in building scalable server-side applications and RESTful APIs using Python, Django, and modern database technologies. I enjoy designing reliable backend systems that power modern web applications. I value scalability, security, and writing maintainable code. Gaming, Travel, Fitness, Music supportive, analytical, focused Creativity, Continuous Learning, Respect, Innovation Python, Django, PostgreSQL Software Development",backend developer mongodb java git node js rest apis django become backend architect backend developer experienced in building scalable server side applications and restful apis using python django and modern database technologies i enjoy designing reliable backend systems that power modern web applications i value scalability security and writing maintainable code gaming travel fitness music supportive analytical focused creativity continuous learning respect innovation python django postgresql software development
U045,Rohit Malhotra,35,Female,Jaipur,Rajasthan,AI Research Engineer,8,Master of Computer Applications,AI Research Engineer,On-site,Small (2-5 members),Workshops,"English, Telugu",Google Professional Certificate,Available within 15 days,Artificial Intelligence,"Git, TensorFlow, Neural Networks, Natural Language Processing, Deep Learning, Python, PyTorch",Publish research in top AI conferences,ENTJ,"AI Research Engineer passionate about advancing artificial intelligence through innovative research in deep learning, natural language processing, and computer vision. Experienced in Python, TensorFlow, and PyTorch for building intelligent systems.","I am naturally analytical and enjoy understanding how intelligent systems learn from data. Outside research, I like mentoring peers, exploring new technologies, and improving my programming skills.","Drawing, Movies, Volunteering, Nature Walks, Music",detail-oriented,"analytical, supportive, confident, focused","Creativity, Innovation, Discipline, Accountability",19,"Python, TensorFlow, CUDA",No,https://github.com/rohitmalhotra736,Mid Level,AI Research Engineer,12-20 LPA,Artificial Intelligence,2+ Years,"AI Research Engineer Git, TensorFlow, Neural Networks, Natural Language Processing, Deep Learning, Python, PyTorch Publish research in top AI conferences AI Research Engineer passionate about advancing artificial intelligence through innovative research in deep learning, natural language processing, and computer vision. Experienced in Python, TensorFlow, and PyTorch for building intelligent systems. I am naturally analytical and enjoy understanding how intelligent systems learn from data. Outside research, I like mentoring peers, exploring new technologies, and improving my programming skills. Drawing, Movies, Volunteering, Nature Walks, Music analytical, supportive, confident, focused Creativity, Innovation, Discipline, Accountability Python, TensorFlow, CUDA Artificial Intelligence",ai research engineer git tensorflow neural networks natural language processing deep learning python pytorch publish research in top ai conferences ai research engineer passionate about advancing artificial intelligence through innovative research in deep learning natural language processing and computer vision experienced in python tensorflow and pytorch for building intelligent systems i am naturally analytical and enjoy understanding how intelligent systems learn from data outside research i like mentoring peers exploring new technologies and improving my programming skills drawing movies volunteering nature walks music analytical supportive confident focused creativity innovation discipline accountability python tensorflow cuda artificial intelligence
U046,Varun Rao,35,Male,Visakhapatnam,Andhra Pradesh,Cybersecurity Analyst,14,B.Tech Information Technology,Cybersecurity Analyst,On-site,Large (10+ members),Research Papers,"English, Tamil",Cisco CyberOps,Available within 15 days,Cybersecurity,"Ethical Hacking, Incident Response, Python, Wireshark, Risk Assessment",Become Security Architect,INTJ,"Cybersecurity Analyst skilled in ethical hacking, digital forensics, and threat analysis. Passionate about protecting critical information systems.",I am passionate about building secure digital environments while continuously improving my technical knowledge and analytical thinking.,"Cooking, Badminton, Fitness, Yoga, Cycling",structured,"curious, analytical, practical","Adaptability, Respect, Teamwork, Accountability",10,"Linux, Wireshark, Python",No,https://github.com/varunrao524,Mid Level,Cybersecurity Analyst,12-20 LPA,Cybersecurity,2+ Years,"Cybersecurity Analyst Ethical Hacking, Incident Response, Python, Wireshark, Risk Assessment Become Security Architect Cybersecurity Analyst skilled in ethical hacking, digital forensics, and threat analysis. Passionate about protecting critical information systems. I am passionate about building secure digital environments while continuously improving my technical knowledge and analytical thinking. Cooking, Badminton, Fitness, Yoga, Cycling curious, analytical, practical Adaptability, Respect, Teamwork, Accountability Linux, Wireshark, Python Cybersecurity",cybersecurity analyst ethical hacking incident response python wireshark risk assessment become security architect cybersecurity analyst skilled in ethical hacking digital forensics and threat analysis passionate about protecting critical information systems i am passionate about building secure digital environments while continuously improving my technical knowledge and analytical thinking cooking badminton fitness yoga cycling curious analytical practical adaptability respect teamwork accountability linux wireshark python cybersecurity
U047,Anusha Rao,31,Male,Delhi,Delhi,DevOps Engineer,1,M.Tech Artificial Intelligence,DevOps Engineer,Hybrid,Medium (6-10 members),Books,"English, Kannada",Coursera Professional Certificate,Available within 30 days,Cloud Computing,"CI/CD, Monitoring, Python, AWS, Shell Scripting",Optimize cloud infrastructure,ENTJ,"Experienced DevOps Engineer focused on automation, monitoring, and continuous integration using modern cloud technologies and scripting tools.","Outside work, I enjoy experimenting with containerization technologies, cloud services, and monitoring platforms that improve system performance.","Cycling, Hackathons, Open Source, Fitness, Badminton",proactive,"analytical, focused, patient, supportive, curious","Empathy, Teamwork, Innovation",12,"Docker, Kubernetes, Jenkins",Yes,https://github.com/anusharao642,Intern,DevOps Engineer,4-6 LPA,Cloud Computing,Less than 1 Year,"DevOps Engineer CI/CD, Monitoring, Python, AWS, Shell Scripting Optimize cloud infrastructure Experienced DevOps Engineer focused on automation, monitoring, and continuous integration using modern cloud technologies and scripting tools. Outside work, I enjoy experimenting with containerization technologies, cloud services, and monitoring platforms that improve system performance. Cycling, Hackathons, Open Source, Fitness, Badminton analytical, focused, patient, supportive, curious Empathy, Teamwork, Innovation Docker, Kubernetes, Jenkins Cloud Computing",devops engineer ci cd monitoring python aws shell scripting optimize cloud infrastructure experienced devops engineer focused on automation monitoring and continuous integration using modern cloud technologies and scripting tools outside work i enjoy experimenting with containerization technologies cloud services and monitoring platforms that improve system performance cycling hackathons open source fitness badminton analytical focused patient supportive curious empathy teamwork innovation docker kubernetes jenkins cloud computing
U048,Karthik Patel,27,Female,Kolkata,West Bengal,DevOps Engineer,3,M.Tech Data Science,DevOps Engineer,Hybrid,Small (2-5 members),Video Courses,"English, Hindi, Telugu",Google Professional Certificate,Immediately Available,Cloud Computing,"Git, Terraform, Jenkins, Linux, Python, Kubernetes, Automation",Optimize cloud infrastructure,INFJ,"DevOps professional skilled in infrastructure management, deployment automation, and cloud operations. Dedicated to improving system reliability and operational efficiency.",I believe automation is essential for modern software engineering. I enjoy collaborating with developers and operations teams to deliver reliable applications.,"Drawing, Chess, Nature Walks, Reading, Travel",adaptive,"optimistic, focused, innovative","Integrity, Accountability, Adaptability",1,"Docker, Kubernetes, Jenkins",No,https://github.com/karthikpatel307,Entry Level,DevOps Engineer,5-10 LPA,Cloud Computing,1-2 Years,"DevOps Engineer Git, Terraform, Jenkins, Linux, Python, Kubernetes, Automation Optimize cloud infrastructure DevOps professional skilled in infrastructure management, deployment automation, and cloud operations. Dedicated to improving system reliability and operational efficiency. I believe automation is essential for modern software engineering. I enjoy collaborating with developers and operations teams to deliver reliable applications. Drawing, Chess, Nature Walks, Reading, Travel optimistic, focused, innovative Integrity, Accountability, Adaptability Docker, Kubernetes, Jenkins Cloud Computing",devops engineer git terraform jenkins linux python kubernetes automation optimize cloud infrastructure devops professional skilled in infrastructure management deployment automation and cloud operations dedicated to improving system reliability and operational efficiency i believe automation is essential for modern software engineering i enjoy collaborating with developers and operations teams to deliver reliable applications drawing chess nature walks reading travel optimistic focused innovative integrity accountability adaptability docker kubernetes jenkins cloud computing
U049,Anusha Ghosh,26,Male,Chennai,Tamil Nadu,Data Scientist,3,B.E Computer Engineering,Data Scientist,Remote,Small (2-5 members),Workshops,"English, Hindi, Tamil",IBM Data Science,Immediately Available,Information Technology,"Statistics, SQL, Power BI, Scikit-learn, NumPy, Tableau, Pandas",Become Chief Data Scientist,INTJ,"Data Scientist experienced in extracting insights from structured and unstructured data using Python, SQL, and machine learning techniques.",I enjoy analyzing complex datasets and discovering meaningful insights that help organizations make better decisions.,"Cycling, Drawing, Movies, Public Speaking, Fitness",structured,"creative, focused, confident, analytical, patient","Respect, Creativity, Empathy, Discipline",6,"Python, SQL, Power BI",Depends on Opportunity,https://github.com/anushaghosh209,Entry Level,Data Scientist,5-10 LPA,Information Technology,1-2 Years,"Data Scientist Statistics, SQL, Power BI, Scikit-learn, NumPy, Tableau, Pandas Become Chief Data Scientist Data Scientist experienced in extracting insights from structured and unstructured data using Python, SQL, and machine learning techniques. I enjoy analyzing complex datasets and discovering meaningful insights that help organizations make better decisions. Cycling, Drawing, Movies, Public Speaking, Fitness creative, focused, confident, analytical, patient Respect, Creativity, Empathy, Discipline Python, SQL, Power BI Information Technology",data scientist statistics sql power bi scikit learn numpy tableau pandas become chief data scientist data scientist experienced in extracting insights from structured and unstructured data using python sql and machine learning techniques i enjoy analyzing complex datasets and discovering meaningful insights that help organizations make better decisions cycling drawing movies public speaking fitness creative focused confident analytical patient respect creativity empathy discipline python sql power bi information technology
U050,Anusha Nair,34,Male,Hyderabad,Telangana,Data Engineer,3,B.Tech Information Technology,Data Engineer,On-site,Large (10+ members),Mentorship,"English, Hindi, Tamil",Microsoft Certified,Available within 30 days,Information Technology,"Data Warehousing, Big Data, SQL, Apache Airflow, ETL",Design scalable data pipelines,ENTJ,"Passionate Data Engineer experienced in modern cloud technologies, distributed computing, and data infrastructure optimization for enterprise solutions.",I am passionate about building efficient data platforms that enable organizations to make data-driven decisions. Continuous learning and innovation motivate my professional growth.,"Travel, Gaming, Reading, Public Speaking, Cycling",adaptive,"innovative, patient, practical","Adaptability, Empathy, Integrity, Creativity",2,"Spark, AWS, Docker",No,https://github.com/anushanair496,Entry Level,Data Engineer,5-10 LPA,Information Technology,1-2 Years,"Data Engineer Data Warehousing, Big Data, SQL, Apache Airflow, ETL Design scalable data pipelines Passionate Data Engineer experienced in modern cloud technologies, distributed computing, and data infrastructure optimization for enterprise solutions. I am passionate about building efficient data platforms that enable organizations to make data-driven decisions. Continuous learning and innovation motivate my professional growth. Travel, Gaming, Reading, Public Speaking, Cycling innovative, patient, practical Adaptability, Empathy, Integrity, Creativity Spark, AWS, Docker Information Technology",data engineer data warehousing big data sql apache airflow etl design scalable data pipelines passionate data engineer experienced in modern cloud technologies distributed computing and data infrastructure optimization for enterprise solutions i am passionate about building efficient data platforms that enable organizations to make data driven decisions continuous learning and innovation motivate my professional growth travel gaming reading public speaking cycling innovative patient practical adaptability empathy integrity creativity spark aws docker information technology
U051,Varun Chowdhury,29,Male,Jaipur,Rajasthan,Solutions Architect,4,B.Tech Information Technology,Solutions Architect,Hybrid,Large (10+ members),Research Papers,"English, Kannada",Coursera Professional Certificate,Available within 15 days,Information Technology,"Software Architecture, Python, Java, Kubernetes, Docker, Cloud Architecture",Become Chief Technology Architect,ESTJ,Solutions Architect passionate about delivering innovative technology solutions that align business objectives with scalable software systems.,I believe successful technology architecture combines technical excellence with business understanding. I enjoy mentoring teams and solving complex engineering problems.,"Drawing, Cycling, Yoga, Hackathons, Cricket",analytical,"practical, confident, innovative","Creativity, Innovation, Respect",10,"Azure, Java, Microservices",Yes,https://github.com/varunchowdhury222,Associate,Solutions Architect,8-15 LPA,Information Technology,1-2 Years,"Solutions Architect Software Architecture, Python, Java, Kubernetes, Docker, Cloud Architecture Become Chief Technology Architect Solutions Architect passionate about delivering innovative technology solutions that align business objectives with scalable software systems. I believe successful technology architecture combines technical excellence with business understanding. I enjoy mentoring teams and solving complex engineering problems. Drawing, Cycling, Yoga, Hackathons, Cricket practical, confident, innovative Creativity, Innovation, Respect Azure, Java, Microservices Information Technology",solutions architect software architecture python java kubernetes docker cloud architecture become chief technology architect solutions architect passionate about delivering innovative technology solutions that align business objectives with scalable software systems i believe successful technology architecture combines technical excellence with business understanding i enjoy mentoring teams and solving complex engineering problems drawing cycling yoga hackathons cricket practical confident innovative creativity innovation respect azure java microservices information technology
U052,Aditya Nair,32,Male,Ahmedabad,Gujarat,Frontend Developer,2,M.Tech Data Science,Frontend Developer,Remote,Small (2-5 members),Hands-on Projects,"English, Kannada",Microsoft Certified,Immediately Available,Software Development,"TypeScript, UI Development, Bootstrap, Figma, React",Improve user experience,ESTJ,Frontend Developer passionate about combining creativity with technology to build user-friendly web applications that deliver excellent digital experiences.,I believe great software begins with an excellent user experience. I enjoy working closely with designers and backend developers to build complete web solutions.,"Drawing, Travel, Fitness, Reading",proactive,"innovative, supportive, confident","Teamwork, Respect, Creativity, Innovation",4,"Vue.js, JavaScript, Bootstrap",Depends on Opportunity,https://github.com/adityanair988,Entry Level,Frontend Developer,5-10 LPA,Software Development,Less than 1 Year,"Frontend Developer TypeScript, UI Development, Bootstrap, Figma, React Improve user experience Frontend Developer passionate about combining creativity with technology to build user-friendly web applications that deliver excellent digital experiences. I believe great software begins with an excellent user experience. I enjoy working closely with designers and backend developers to build complete web solutions. Drawing, Travel, Fitness, Reading innovative, supportive, confident Teamwork, Respect, Creativity, Innovation Vue.js, JavaScript, Bootstrap Software Development",frontend developer typescript ui development bootstrap figma react improve user experience frontend developer passionate about combining creativity with technology to build user friendly web applications that deliver excellent digital experiences i believe great software begins with an excellent user experience i enjoy working closely with designers and backend developers to build complete web solutions drawing travel fitness reading innovative supportive confident teamwork respect creativity innovation vue js javascript bootstrap software development
U053,Sravani Patel,33,Female,Indore,Madhya Pradesh,Machine Learning Engineer,2,B.E Computer Engineering,Machine Learning Engineer,On-site,Large (10+ members),Hands-on Projects,"English, Hindi, Telugu",Google AI,Available within 15 days,Information Technology,"Git, PyTorch, Python, TensorFlow, Natural Language Processing",Develop AI-powered healthcare solutions,ENFJ,"AI professional specializing in machine learning, deep learning, and data-driven solutions. Interested in building intelligent applications with modern ML frameworks.","Curious and analytical by nature, I enjoy collaborating with others to develop intelligent software solutions. Outside work, I participate in hackathons and contribute to open-source projects.","Movies, Public Speaking, Cricket",organized,"focused, creative, supportive","Respect, Innovation, Integrity, Creativity",10,"Python, TensorFlow, Scikit-learn",Yes,https://github.com/sravanipatel939,Entry Level,Machine Learning Engineer,5-10 LPA,Information Technology,Less than 1 Year,"Machine Learning Engineer Git, PyTorch, Python, TensorFlow, Natural Language Processing Develop AI-powered healthcare solutions AI professional specializing in machine learning, deep learning, and data-driven solutions. Interested in building intelligent applications with modern ML frameworks. Curious and analytical by nature, I enjoy collaborating with others to develop intelligent software solutions. Outside work, I participate in hackathons and contribute to open-source projects. Movies, Public Speaking, Cricket focused, creative, supportive Respect, Innovation, Integrity, Creativity Python, TensorFlow, Scikit-learn Information Technology",machine learning engineer git pytorch python tensorflow natural language processing develop ai powered healthcare solutions ai professional specializing in machine learning deep learning and data driven solutions interested in building intelligent applications with modern ml frameworks curious and analytical by nature i enjoy collaborating with others to develop intelligent software solutions outside work i participate in hackathons and contribute to open source projects movies public speaking cricket focused creative supportive respect innovation integrity creativity python tensorflow scikit learn information technology
U054,Diya Nair,31,Male,Pune,Maharashtra,Full Stack Developer,7,B.E Computer Engineering,Full Stack Developer,Hybrid,Small (2-5 members),Books,"English, Malayalam",Coursera Professional Certificate,Available within 15 days,Software Development,"React, REST APIs, CSS, Git, HTML",Develop complete web applications,ENTP,"Software Engineer specializing in full stack application development with expertise in React, Django, Node.js, and SQL databases. Experienced in developing end-to-end web solutions.",My passion lies in transforming ideas into fully functional web applications. I enjoy exploring new technologies and improving both frontend and backend performance.,"Hackathons, Blogging, Photography, Travel, Public Speaking",analytical,"innovative, confident, optimistic","Continuous Learning, Respect, Creativity, Discipline",6,"React, Node.js, MongoDB",Yes,https://github.com/diyanair591,Mid Level,Full Stack Developer,12-20 LPA,Software Development,2+ Years,"Full Stack Developer React, REST APIs, CSS, Git, HTML Develop complete web applications Software Engineer specializing in full stack application development with expertise in React, Django, Node.js, and SQL databases. Experienced in developing end-to-end web solutions. My passion lies in transforming ideas into fully functional web applications. I enjoy exploring new technologies and improving both frontend and backend performance. Hackathons, Blogging, Photography, Travel, Public Speaking innovative, confident, optimistic Continuous Learning, Respect, Creativity, Discipline React, Node.js, MongoDB Software Development",full stack developer react rest apis css git html develop complete web applications software engineer specializing in full stack application development with expertise in react django node js and sql databases experienced in developing end to end web solutions my passion lies in transforming ideas into fully functional web applications i enjoy exploring new technologies and improving both frontend and backend performance hackathons blogging photography travel public speaking innovative confident optimistic continuous learning respect creativity discipline react node js mongodb software development
U055,Abhishek Mehta,23,Male,Hyderabad,Telangana,AI Research Engineer,2,M.Tech Data Science,AI Research Engineer,Hybrid,Large (10+ members),Mentorship,"English, Hindi, Telugu",Google Professional Certificate,Available within 30 days,Artificial Intelligence,"TensorFlow, Mathematics, Computer Vision, Neural Networks, Research, Natural Language Processing",Become an AI Scientist,ISFJ,"Research-focused AI Engineer specializing in machine learning algorithms, neural networks, and generative AI. Dedicated to developing scalable AI solutions that address real-world challenges through scientific innovation.","My passion lies in developing intelligent systems that solve challenging real-world problems. I enjoy reading research papers, participating in AI competitions, and contributing to open-source projects.","Movies, Gaming, Nature Walks, Fitness, Cooking",creative,"supportive, analytical, patient, focused, optimistic","Continuous Learning, Discipline, Empathy",7,"Python, Hugging Face, PyTorch",Yes,https://github.com/abhishekmehta990,Entry Level,AI Research Engineer,5-10 LPA,Artificial Intelligence,Less than 1 Year,"AI Research Engineer TensorFlow, Mathematics, Computer Vision, Neural Networks, Research, Natural Language Processing Become an AI Scientist Research-focused AI Engineer specializing in machine learning algorithms, neural networks, and generative AI. Dedicated to developing scalable AI solutions that address real-world challenges through scientific innovation. My passion lies in developing intelligent systems that solve challenging real-world problems. I enjoy reading research papers, participating in AI competitions, and contributing to open-source projects. Movies, Gaming, Nature Walks, Fitness, Cooking supportive, analytical, patient, focused, optimistic Continuous Learning, Discipline, Empathy Python, Hugging Face, PyTorch Artificial Intelligence",ai research engineer tensorflow mathematics computer vision neural networks research natural language processing become an ai scientist research focused ai engineer specializing in machine learning algorithms neural networks and generative ai dedicated to developing scalable ai solutions that address real world challenges through scientific innovation my passion lies in developing intelligent systems that solve challenging real world problems i enjoy reading research papers participating in ai competitions and contributing to open source projects movies gaming nature walks fitness cooking supportive analytical patient focused optimistic continuous learning discipline empathy python hugging face pytorch artificial intelligence
U056,Arjun Yadav,29,Male,Pune,Maharashtra,Software Engineer,3,M.Tech Artificial Intelligence,Software Engineer,Hybrid,Large (10+ members),Hands-on Projects,"English, Hindi",Google Professional Certificate,Available within 15 days,Information Technology,"SQL, Software Design, Python, REST APIs, Problem Solving, Algorithms",Design enterprise applications,ISTP,"Software Engineer skilled in Python, Java, SQL, and modern software development practices. Interested in developing innovative applications that improve user experience and business productivity.","I enjoy solving challenging programming problems and continuously improving my software development skills. I value clean code, teamwork, and lifelong learning.","Cooking, Fitness, Volunteering, Hackathons",adaptive,"innovative, practical, analytical, focused","Discipline, Innovation, Creativity, Integrity",10,"Java, Spring Boot, MySQL",Yes,https://github.com/arjunyadav145,Entry Level,Software Engineer,5-10 LPA,Information Technology,1-2 Years,"Software Engineer SQL, Software Design, Python, REST APIs, Problem Solving, Algorithms Design enterprise applications Software Engineer skilled in Python, Java, SQL, and modern software development practices. Interested in developing innovative applications that improve user experience and business productivity. I enjoy solving challenging programming problems and continuously improving my software development skills. I value clean code, teamwork, and lifelong learning. Cooking, Fitness, Volunteering, Hackathons innovative, practical, analytical, focused Discipline, Innovation, Creativity, Integrity Java, Spring Boot, MySQL Information Technology",software engineer sql software design python rest apis problem solving algorithms design enterprise applications software engineer skilled in python java sql and modern software development practices interested in developing innovative applications that improve user experience and business productivity i enjoy solving challenging programming problems and continuously improving my software development skills i value clean code teamwork and lifelong learning cooking fitness volunteering hackathons innovative practical analytical focused discipline innovation creativity integrity java spring boot mysql information technology
U057,Aniket Ghosh,29,Female,Vijayawada,Andhra Pradesh,Cloud Engineer,3,B.Tech Information Technology,Cloud Engineer,Hybrid,Small (2-5 members),Mentorship,"English, Telugu",AWS Certified Cloud Practitioner,Available within 30 days,Cloud Computing,"Networking, Docker, AWS, CI/CD, Kubernetes",Improve cloud security,ISTP,"Technology enthusiast specializing in cloud architecture, automation, and distributed computing. Dedicated to delivering efficient cloud-based solutions.","Outside work, I explore emerging cloud platforms, security best practices, and automation tools that improve operational efficiency.","Blogging, Gaming, Music",independent,"curious, supportive, practical, analytical, focused","Accountability, Empathy",4,"Azure, Terraform, Linux",No,https://github.com/aniketghosh412,Entry Level,Cloud Engineer,5-10 LPA,Cloud Computing,1-2 Years,"Cloud Engineer Networking, Docker, AWS, CI/CD, Kubernetes Improve cloud security Technology enthusiast specializing in cloud architecture, automation, and distributed computing. Dedicated to delivering efficient cloud-based solutions. Outside work, I explore emerging cloud platforms, security best practices, and automation tools that improve operational efficiency. Blogging, Gaming, Music curious, supportive, practical, analytical, focused Accountability, Empathy Azure, Terraform, Linux Cloud Computing",cloud engineer networking docker aws ci cd kubernetes improve cloud security technology enthusiast specializing in cloud architecture automation and distributed computing dedicated to delivering efficient cloud based solutions outside work i explore emerging cloud platforms security best practices and automation tools that improve operational efficiency blogging gaming music curious supportive practical analytical focused accountability empathy azure terraform linux cloud computing
U058,Abhishek Ghosh,33,Female,Visakhapatnam,Andhra Pradesh,Cybersecurity Analyst,2,B.E Computer Engineering,Cybersecurity Analyst,Hybrid,Small (2-5 members),Workshops,"English, Tamil",Cisco CyberOps,Available within 30 days,Cybersecurity,"Python, Incident Response, Wireshark, Linux, Firewalls",Improve organizational security,ISTP,"Information Security professional specializing in vulnerability assessment, incident response, and cyber defense strategies using modern security tools.",I believe proactive security is the key to protecting organizations. I enjoy analyzing vulnerabilities and improving security awareness.,"Photography, Hackathons, Open Source, Movies",creative,"innovative, practical, creative, supportive, patient","Discipline, Empathy",17,"Linux, Wireshark, Python",No,https://github.com/abhishekghosh232,Entry Level,Cybersecurity Analyst,5-10 LPA,Cybersecurity,Less than 1 Year,"Cybersecurity Analyst Python, Incident Response, Wireshark, Linux, Firewalls Improve organizational security Information Security professional specializing in vulnerability assessment, incident response, and cyber defense strategies using modern security tools. I believe proactive security is the key to protecting organizations. I enjoy analyzing vulnerabilities and improving security awareness. Photography, Hackathons, Open Source, Movies innovative, practical, creative, supportive, patient Discipline, Empathy Linux, Wireshark, Python Cybersecurity",cybersecurity analyst python incident response wireshark linux firewalls improve organizational security information security professional specializing in vulnerability assessment incident response and cyber defense strategies using modern security tools i believe proactive security is the key to protecting organizations i enjoy analyzing vulnerabilities and improving security awareness photography hackathons open source movies innovative practical creative supportive patient discipline empathy linux wireshark python cybersecurity
U059,Akash Mehta,34,Male,Bhubaneswar,Odisha,NLP Engineer,5,B.Tech Computer Science,NLP Engineer,On-site,Large (10+ members),Video Courses,"English, Hindi",Coursera Professional Certificate,Available within 15 days,Artificial Intelligence,"spaCy, PyTorch, Python, TensorFlow, Hugging Face, NLTK, Transformers",Become an NLP Architect,INTP,"Machine Learning Engineer focused on Natural Language Processing, language modeling, and semantic analysis using modern AI frameworks. Interested in improving communication between humans and machines.","Curious by nature, I enjoy working on language technologies that simplify communication and solve real-world problems. Outside work, I participate in AI communities and read research papers.","Gaming, Badminton, Nature Walks",organized,"patient, focused, optimistic, curious","Teamwork, Continuous Learning",3,"Python, NLTK, Hugging Face",No,https://github.com/akashmehta317,Associate,NLP Engineer,8-15 LPA,Artificial Intelligence,1-2 Years,"NLP Engineer spaCy, PyTorch, Python, TensorFlow, Hugging Face, NLTK, Transformers Become an NLP Architect Machine Learning Engineer focused on Natural Language Processing, language modeling, and semantic analysis using modern AI frameworks. Interested in improving communication between humans and machines. Curious by nature, I enjoy working on language technologies that simplify communication and solve real-world problems. Outside work, I participate in AI communities and read research papers. Gaming, Badminton, Nature Walks patient, focused, optimistic, curious Teamwork, Continuous Learning Python, NLTK, Hugging Face Artificial Intelligence",nlp engineer spacy pytorch python tensorflow hugging face nltk transformers become an nlp architect machine learning engineer focused on natural language processing language modeling and semantic analysis using modern ai frameworks interested in improving communication between humans and machines curious by nature i enjoy working on language technologies that simplify communication and solve real world problems outside work i participate in ai communities and read research papers gaming badminton nature walks patient focused optimistic curious teamwork continuous learning python nltk hugging face artificial intelligence
U060,Shreya Naidu,35,Male,Delhi,Delhi,DevOps Engineer,8,B.E Computer Engineering,DevOps Engineer,On-site,Medium (6-10 members),Books,"English, Telugu",Udemy Professional Course,Available within 15 days,Cloud Computing,"Automation, Shell Scripting, Terraform, Git, Monitoring",Lead platform engineering teams,ISTP,"DevOps professional skilled in infrastructure management, deployment automation, and cloud operations. Dedicated to improving system reliability and operational efficiency.","Outside work, I enjoy experimenting with containerization technologies, cloud services, and monitoring platforms that improve system performance.","Volunteering, Photography, Blogging, Fitness",collaborative,"confident, innovative, optimistic, analytical","Creativity, Teamwork",12,"AWS, Terraform, Linux",No,https://github.com/shreyanaidu500,Mid Level,DevOps Engineer,12-20 LPA,Cloud Computing,2+ Years,"DevOps Engineer Automation, Shell Scripting, Terraform, Git, Monitoring Lead platform engineering teams DevOps professional skilled in infrastructure management, deployment automation, and cloud operations. Dedicated to improving system reliability and operational efficiency. Outside work, I enjoy experimenting with containerization technologies, cloud services, and monitoring platforms that improve system performance. Volunteering, Photography, Blogging, Fitness confident, innovative, optimistic, analytical Creativity, Teamwork AWS, Terraform, Linux Cloud Computing",devops engineer automation shell scripting terraform git monitoring lead platform engineering teams devops professional skilled in infrastructure management deployment automation and cloud operations dedicated to improving system reliability and operational efficiency outside work i enjoy experimenting with containerization technologies cloud services and monitoring platforms that improve system performance volunteering photography blogging fitness confident innovative optimistic analytical creativity teamwork aws terraform linux cloud computing
U061,Sneha Pandey,24,Male,Bhubaneswar,Odisha,NLP Engineer,3,B.Tech Computer Science,NLP Engineer,On-site,Small (2-5 members),Hands-on Projects,"English, Hindi",Google Professional Certificate,Available within 15 days,Artificial Intelligence,"TensorFlow, Git, BERT, Transformers, PyTorch, Machine Learning",Research large language models,INFJ,"Artificial Intelligence professional specializing in Natural Language Processing, text analytics, and conversational AI. Skilled in creating scalable NLP pipelines for real-world applications.","Curious by nature, I enjoy working on language technologies that simplify communication and solve real-world problems. Outside work, I participate in AI communities and read research papers.","Blogging, Music, Fitness, Reading, Gaming",proactive,"focused, curious, supportive, practical","Integrity, Adaptability, Accountability",3,"Python, BERT, PyTorch",Depends on Opportunity,https://github.com/snehapandey863,Entry Level,NLP Engineer,5-10 LPA,Artificial Intelligence,1-2 Years,"NLP Engineer TensorFlow, Git, BERT, Transformers, PyTorch, Machine Learning Research large language models Artificial Intelligence professional specializing in Natural Language Processing, text analytics, and conversational AI. Skilled in creating scalable NLP pipelines for real-world applications. Curious by nature, I enjoy working on language technologies that simplify communication and solve real-world problems. Outside work, I participate in AI communities and read research papers. Blogging, Music, Fitness, Reading, Gaming focused, curious, supportive, practical Integrity, Adaptability, Accountability Python, BERT, PyTorch Artificial Intelligence",nlp engineer tensorflow git bert transformers pytorch machine learning research large language models artificial intelligence professional specializing in natural language processing text analytics and conversational ai skilled in creating scalable nlp pipelines for real world applications curious by nature i enjoy working on language technologies that simplify communication and solve real world problems outside work i participate in ai communities and read research papers blogging music fitness reading gaming focused curious supportive practical integrity adaptability accountability python bert pytorch artificial intelligence
U062,Aarav Sharma,32,Female,Vijayawada,Andhra Pradesh,Data Scientist,3,B.E Computer Engineering,Data Scientist,Hybrid,Medium (6-10 members),Books,"English, Telugu",Microsoft Azure AI,Available within 15 days,Information Technology,"Data Visualization, Statistics, Python, Scikit-learn, Machine Learning, NumPy",Lead a Data Science team,INTJ,"Experienced Data Scientist specializing in statistical analysis, predictive modeling, and business intelligence solutions.",I enjoy analyzing complex datasets and discovering meaningful insights that help organizations make better decisions.,"Blogging, Chess, Music",collaborative,"innovative, practical, confident","Empathy, Integrity, Discipline, Creativity",7,"Python, Tableau, Scikit-learn",Depends on Opportunity,https://github.com/aaravsharma552,Entry Level,Data Scientist,5-10 LPA,Information Technology,1-2 Years,"Data Scientist Data Visualization, Statistics, Python, Scikit-learn, Machine Learning, NumPy Lead a Data Science team Experienced Data Scientist specializing in statistical analysis, predictive modeling, and business intelligence solutions. I enjoy analyzing complex datasets and discovering meaningful insights that help organizations make better decisions. Blogging, Chess, Music innovative, practical, confident Empathy, Integrity, Discipline, Creativity Python, Tableau, Scikit-learn Information Technology",data scientist data visualization statistics python scikit learn machine learning numpy lead a data science team experienced data scientist specializing in statistical analysis predictive modeling and business intelligence solutions i enjoy analyzing complex datasets and discovering meaningful insights that help organizations make better decisions blogging chess music innovative practical confident empathy integrity discipline creativity python tableau scikit learn information technology
U063,Rohit Reddy,34,Male,Vijayawada,Andhra Pradesh,Data Scientist,8,B.Tech Computer Science,Data Scientist,Remote,Large (10+ members),Video Courses,"English, Hindi, Tamil",IBM Data Science,Available within 15 days,Information Technology,"Machine Learning, SQL, Python, Data Visualization, Power BI, Statistics",Develop customer recommendation models,INTJ,"Experienced Data Scientist specializing in statistical analysis, predictive modeling, and business intelligence solutions.","I value logical thinking, continuous improvement, and collaborative teamwork. Outside work, I enjoy reading technology blogs and participating in data science competitions.","Badminton, Open Source, Nature Walks",creative,"creative, analytical, focused, curious","Accountability, Teamwork",2,"Python, Pandas, NumPy",No,https://github.com/rohitreddy521,Mid Level,Data Scientist,12-20 LPA,Information Technology,2+ Years,"Data Scientist Machine Learning, SQL, Python, Data Visualization, Power BI, Statistics Develop customer recommendation models Experienced Data Scientist specializing in statistical analysis, predictive modeling, and business intelligence solutions. I value logical thinking, continuous improvement, and collaborative teamwork. Outside work, I enjoy reading technology blogs and participating in data science competitions. Badminton, Open Source, Nature Walks creative, analytical, focused, curious Accountability, Teamwork Python, Pandas, NumPy Information Technology",data scientist machine learning sql python data visualization power bi statistics develop customer recommendation models experienced data scientist specializing in statistical analysis predictive modeling and business intelligence solutions i value logical thinking continuous improvement and collaborative teamwork outside work i enjoy reading technology blogs and participating in data science competitions badminton open source nature walks creative analytical focused curious accountability teamwork python pandas numpy information technology
U064,Krishna Joshi,33,Female,Jaipur,Rajasthan,Cybersecurity Analyst,10,B.E Computer Engineering,Cybersecurity Analyst,Remote,Large (10+ members),Hands-on Projects,"English, Telugu",CEH,Immediately Available,Cybersecurity,"Risk Assessment, Cryptography, Firewalls, Network Security, Wireshark, Vulnerability Analysis, Linux",Lead cybersecurity teams,INFJ,"Experienced cybersecurity professional focused on identifying vulnerabilities, improving network security, and developing effective security policies.",Cybersecurity motivates me because technology should always be secure and reliable. I enjoy researching new attack techniques and defensive strategies.,"Fitness, Open Source, Cycling, Hackathons, Travel",independent,"optimistic, supportive, focused","Continuous Learning, Innovation, Adaptability",13,"Linux, Wireshark, Python",Depends on Opportunity,https://github.com/krishnajoshi629,Mid Level,Cybersecurity Analyst,12-20 LPA,Cybersecurity,2+ Years,"Cybersecurity Analyst Risk Assessment, Cryptography, Firewalls, Network Security, Wireshark, Vulnerability Analysis, Linux Lead cybersecurity teams Experienced cybersecurity professional focused on identifying vulnerabilities, improving network security, and developing effective security policies. Cybersecurity motivates me because technology should always be secure and reliable. I enjoy researching new attack techniques and defensive strategies. Fitness, Open Source, Cycling, Hackathons, Travel optimistic, supportive, focused Continuous Learning, Innovation, Adaptability Linux, Wireshark, Python Cybersecurity",cybersecurity analyst risk assessment cryptography firewalls network security wireshark vulnerability analysis linux lead cybersecurity teams experienced cybersecurity professional focused on identifying vulnerabilities improving network security and developing effective security policies cybersecurity motivates me because technology should always be secure and reliable i enjoy researching new attack techniques and defensive strategies fitness open source cycling hackathons travel optimistic supportive focused continuous learning innovation adaptability linux wireshark python cybersecurity
U065,Aniket Rao,29,Male,Pune,Maharashtra,Product Manager,4,Bachelor of Computer Applications,Product Manager,On-site,Small (2-5 members),Workshops,"English, Tamil",Udemy Professional Course,Immediately Available,Product Management,"Communication, Leadership, Agile, Product Strategy, Analytics, Scrum, Market Research",Build successful digital products,ENFP,Technology-focused Product Manager dedicated to improving customer experience through data-driven product decisions and continuous innovation.,I enjoy understanding customer needs and transforming ideas into successful products that create real value.,"Cricket, Drawing, Fitness, Music",detail-oriented,"optimistic, innovative, practical, patient","Creativity, Respect",7,"Agile, Scrum, Jira",Yes,https://github.com/aniketrao469,Associate,Product Manager,8-15 LPA,Product Management,1-2 Years,"Product Manager Communication, Leadership, Agile, Product Strategy, Analytics, Scrum, Market Research Build successful digital products Technology-focused Product Manager dedicated to improving customer experience through data-driven product decisions and continuous innovation. I enjoy understanding customer needs and transforming ideas into successful products that create real value. Cricket, Drawing, Fitness, Music optimistic, innovative, practical, patient Creativity, Respect Agile, Scrum, Jira Product Management",product manager communication leadership agile product strategy analytics scrum market research build successful digital products technology focused product manager dedicated to improving customer experience through data driven product decisions and continuous innovation i enjoy understanding customer needs and transforming ideas into successful products that create real value cricket drawing fitness music optimistic innovative practical patient creativity respect agile scrum jira product management
U066,Akash Saxena,28,Male,Ahmedabad,Gujarat,AI Research Engineer,5,B.Tech Information Technology,AI Research Engineer,Hybrid,Medium (6-10 members),Workshops,"English, Kannada",Udemy Professional Course,Available within 15 days,Artificial Intelligence,"Computer Vision, Deep Learning, Mathematics, PyTorch, TensorFlow, Scientific Computing, Python",Build intelligent autonomous systems,ENTJ,Artificial Intelligence researcher experienced in designing advanced machine learning models using Python-based frameworks. Interested in solving complex problems through data-driven research and intelligent automation.,I believe continuous learning is essential in artificial intelligence. I enjoy working in collaborative environments where innovative ideas can be transformed into practical AI applications.,"Chess, Drawing, Blogging, Cycling",adaptive,"innovative, focused, analytical, optimistic","Adaptability, Discipline",7,"Python, Hugging Face, PyTorch",Depends on Opportunity,https://github.com/akashsaxena650,Associate,AI Research Engineer,8-15 LPA,Artificial Intelligence,1-2 Years,"AI Research Engineer Computer Vision, Deep Learning, Mathematics, PyTorch, TensorFlow, Scientific Computing, Python Build intelligent autonomous systems Artificial Intelligence researcher experienced in designing advanced machine learning models using Python-based frameworks. Interested in solving complex problems through data-driven research and intelligent automation. I believe continuous learning is essential in artificial intelligence. I enjoy working in collaborative environments where innovative ideas can be transformed into practical AI applications. Chess, Drawing, Blogging, Cycling innovative, focused, analytical, optimistic Adaptability, Discipline Python, Hugging Face, PyTorch Artificial Intelligence",ai research engineer computer vision deep learning mathematics pytorch tensorflow scientific computing python build intelligent autonomous systems artificial intelligence researcher experienced in designing advanced machine learning models using python based frameworks interested in solving complex problems through data driven research and intelligent automation i believe continuous learning is essential in artificial intelligence i enjoy working in collaborative environments where innovative ideas can be transformed into practical ai applications chess drawing blogging cycling innovative focused analytical optimistic adaptability discipline python hugging face pytorch artificial intelligence
U067,Aniket Bhat,29,Female,Vijayawada,Andhra Pradesh,Business Analyst,4,B.Tech Information Technology,Business Analyst,On-site,Medium (6-10 members),Books,"English, Telugu",Udemy Professional Course,Available within 30 days,Business Analytics,"Problem Solving, Communication, Tableau, Python, Requirement Gathering",Improve business processes,INTJ,Technology-oriented Business Analyst focused on bridging business needs with technical solutions using analytical and communication skills.,Working closely with stakeholders motivates me to deliver meaningful solutions that create measurable business value. I enjoy continuous learning and teamwork.,"Nature Walks, Movies, Volunteering, Photography",creative,"confident, analytical, practical, innovative, supportive","Creativity, Innovation, Integrity, Respect",4,"Tableau, SQL, Python",Depends on Opportunity,https://github.com/aniketbhat796,Associate,Business Analyst,8-15 LPA,Business Analytics,1-2 Years,"Business Analyst Problem Solving, Communication, Tableau, Python, Requirement Gathering Improve business processes Technology-oriented Business Analyst focused on bridging business needs with technical solutions using analytical and communication skills. Working closely with stakeholders motivates me to deliver meaningful solutions that create measurable business value. I enjoy continuous learning and teamwork. Nature Walks, Movies, Volunteering, Photography confident, analytical, practical, innovative, supportive Creativity, Innovation, Integrity, Respect Tableau, SQL, Python Business Analytics",business analyst problem solving communication tableau python requirement gathering improve business processes technology oriented business analyst focused on bridging business needs with technical solutions using analytical and communication skills working closely with stakeholders motivates me to deliver meaningful solutions that create measurable business value i enjoy continuous learning and teamwork nature walks movies volunteering photography confident analytical practical innovative supportive creativity innovation integrity respect tableau sql python business analytics
U068,Sravani Bhat,27,Female,Ahmedabad,Gujarat,Backend Developer,3,Bachelor of Computer Applications,Backend Developer,On-site,Small (2-5 members),Research Papers,"English, Hindi",Udemy Professional Course,Immediately Available,Software Development,"SQL, Java, Python, Linux, Flask, Docker",Develop distributed applications,ISTJ,Experienced Backend Developer focused on designing efficient server-side architectures and high-performance web applications for enterprise solutions.,I believe strong backend systems are the foundation of successful software products. I enjoy collaborating with frontend developers and DevOps teams.,"Travel, Fitness, Hackathons",analytical,"supportive, patient, practical, creative","Continuous Learning, Empathy, Discipline",8,"Java, Spring Boot, MySQL",Depends on Opportunity,https://github.com/sravanibhat672,Entry Level,Backend Developer,5-10 LPA,Software Development,1-2 Years,"Backend Developer SQL, Java, Python, Linux, Flask, Docker Develop distributed applications Experienced Backend Developer focused on designing efficient server-side architectures and high-performance web applications for enterprise solutions. I believe strong backend systems are the foundation of successful software products. I enjoy collaborating with frontend developers and DevOps teams. Travel, Fitness, Hackathons supportive, patient, practical, creative Continuous Learning, Empathy, Discipline Java, Spring Boot, MySQL Software Development",backend developer sql java python linux flask docker develop distributed applications experienced backend developer focused on designing efficient server side architectures and high performance web applications for enterprise solutions i believe strong backend systems are the foundation of successful software products i enjoy collaborating with frontend developers and devops teams travel fitness hackathons supportive patient practical creative continuous learning empathy discipline java spring boot mysql software development
U069,Ananya Reddy,21,Male,Kolkata,West Bengal,Database Administrator,0,Bachelor of Computer Applications,Database Administrator,Remote,Small (2-5 members),Mentorship,"English, Hindi, Tamil",Udemy Professional Course,Immediately Available,Database Management,"Oracle, SQL, Performance Tuning, Git, MySQL, Data Modeling, Python",Lead database administration teams,INTJ,"Experienced DBA skilled in database administration, performance tuning, and maintaining secure, reliable data environments.","I am passionate about designing secure, efficient, and scalable database environments while collaborating with development teams.","Volunteering, Open Source, Reading, Gaming, Movies",analytical,"analytical, practical, creative, supportive, innovative","Empathy, Continuous Learning",4,"Oracle, SQL, Linux",No,https://github.com/ananyareddy317,Student,Database Administrator,3-5 LPA,Database Management,No Experience,"Database Administrator Oracle, SQL, Performance Tuning, Git, MySQL, Data Modeling, Python Lead database administration teams Experienced DBA skilled in database administration, performance tuning, and maintaining secure, reliable data environments. I am passionate about designing secure, efficient, and scalable database environments while collaborating with development teams. Volunteering, Open Source, Reading, Gaming, Movies analytical, practical, creative, supportive, innovative Empathy, Continuous Learning Oracle, SQL, Linux Database Management",database administrator oracle sql performance tuning git mysql data modeling python lead database administration teams experienced dba skilled in database administration performance tuning and maintaining secure reliable data environments i am passionate about designing secure efficient and scalable database environments while collaborating with development teams volunteering open source reading gaming movies analytical practical creative supportive innovative empathy continuous learning oracle sql linux database management
U070,Vivek Bhat,28,Male,Delhi,Delhi,NLP Engineer,4,Bachelor of Computer Applications,NLP Engineer,Remote,Medium (6-10 members),Hands-on Projects,"English, Kannada",Coursera Professional Certificate,Immediately Available,Artificial Intelligence,"Git, BERT, Machine Learning, Hugging Face, TensorFlow, Transformers, Python",Build multilingual NLP applications,ENTP,AI enthusiast specializing in Natural Language Processing and deep learning. Experienced in designing language understanding solutions that enhance user interaction and information retrieval.,"Curious by nature, I enjoy working on language technologies that simplify communication and solve real-world problems. Outside work, I participate in AI communities and read research papers.","Fitness, Movies, Open Source, Volunteering, Yoga",structured,"innovative, creative, supportive, focused","Innovation, Discipline, Adaptability, Teamwork",10,"Python, BERT, PyTorch",Yes,https://github.com/vivekbhat893,Associate,NLP Engineer,8-15 LPA,Artificial Intelligence,1-2 Years,"NLP Engineer Git, BERT, Machine Learning, Hugging Face, TensorFlow, Transformers, Python Build multilingual NLP applications AI enthusiast specializing in Natural Language Processing and deep learning. Experienced in designing language understanding solutions that enhance user interaction and information retrieval. Curious by nature, I enjoy working on language technologies that simplify communication and solve real-world problems. Outside work, I participate in AI communities and read research papers. Fitness, Movies, Open Source, Volunteering, Yoga innovative, creative, supportive, focused Innovation, Discipline, Adaptability, Teamwork Python, BERT, PyTorch Artificial Intelligence",nlp engineer git bert machine learning hugging face tensorflow transformers python build multilingual nlp applications ai enthusiast specializing in natural language processing and deep learning experienced in designing language understanding solutions that enhance user interaction and information retrieval curious by nature i enjoy working on language technologies that simplify communication and solve real world problems outside work i participate in ai communities and read research papers fitness movies open source volunteering yoga innovative creative supportive focused innovation discipline adaptability teamwork python bert pytorch artificial intelligence
U071,Surya Kumar,26,Male,Lucknow,Uttar Pradesh,Machine Learning Engineer,3,M.Tech Artificial Intelligence,Machine Learning Engineer,On-site,Medium (6-10 members),Books,"English, Tamil",TensorFlow Developer,Available within 30 days,Information Technology,"Git, Python, NumPy, Natural Language Processing, PyTorch, TensorFlow",Develop AI-powered healthcare solutions,ISFJ,Machine Learning Engineer experienced in designing predictive analytics and recommendation systems using Python-based technologies.,"I believe continuous learning is essential in technology. I enjoy mentoring peers, exploring new AI research, and working in collaborative environments.","Chess, Photography, Cricket",organized,"optimistic, creative, supportive, practical, focused","Discipline, Adaptability, Continuous Learning",7,"Python, TensorFlow, AWS",No,https://github.com/suryakumar201,Entry Level,Machine Learning Engineer,5-10 LPA,Information Technology,1-2 Years,"Machine Learning Engineer Git, Python, NumPy, Natural Language Processing, PyTorch, TensorFlow Develop AI-powered healthcare solutions Machine Learning Engineer experienced in designing predictive analytics and recommendation systems using Python-based technologies. I believe continuous learning is essential in technology. I enjoy mentoring peers, exploring new AI research, and working in collaborative environments. Chess, Photography, Cricket optimistic, creative, supportive, practical, focused Discipline, Adaptability, Continuous Learning Python, TensorFlow, AWS Information Technology",machine learning engineer git python numpy natural language processing pytorch tensorflow develop ai powered healthcare solutions machine learning engineer experienced in designing predictive analytics and recommendation systems using python based technologies i believe continuous learning is essential in technology i enjoy mentoring peers exploring new ai research and working in collaborative environments chess photography cricket optimistic creative supportive practical focused discipline adaptability continuous learning python tensorflow aws information technology
U072,Anusha Verma,33,Male,Lucknow,Uttar Pradesh,Solutions Architect,5,Master of Computer Applications,Solutions Architect,Remote,Small (2-5 members),Mentorship,"English, Hindi, Telugu",Udemy Professional Course,Immediately Available,Information Technology,"Docker, Java, System Design, Python, Azure, Software Architecture, Leadership",Lead architecture teams,ENTJ,"Information Technology professional skilled in system architecture, cloud infrastructure, and technical leadership across enterprise projects.",I believe successful technology architecture combines technical excellence with business understanding. I enjoy mentoring teams and solving complex engineering problems.,"Gaming, Photography, Hackathons",proactive,"practical, confident, creative, supportive","Respect, Adaptability, Discipline, Accountability",3,"Azure, Java, Microservices",Yes,https://github.com/anushaverma284,Associate,Solutions Architect,8-15 LPA,Information Technology,1-2 Years,"Solutions Architect Docker, Java, System Design, Python, Azure, Software Architecture, Leadership Lead architecture teams Information Technology professional skilled in system architecture, cloud infrastructure, and technical leadership across enterprise projects. I believe successful technology architecture combines technical excellence with business understanding. I enjoy mentoring teams and solving complex engineering problems. Gaming, Photography, Hackathons practical, confident, creative, supportive Respect, Adaptability, Discipline, Accountability Azure, Java, Microservices Information Technology",solutions architect docker java system design python azure software architecture leadership lead architecture teams information technology professional skilled in system architecture cloud infrastructure and technical leadership across enterprise projects i believe successful technology architecture combines technical excellence with business understanding i enjoy mentoring teams and solving complex engineering problems gaming photography hackathons practical confident creative supportive respect adaptability discipline accountability azure java microservices information technology
U073,Keerthana Bhat,22,Male,Ahmedabad,Gujarat,Cloud Engineer,1,B.E Computer Engineering,Cloud Engineer,On-site,Medium (6-10 members),Books,English,AWS Certified Cloud Practitioner,Available within 30 days,Cloud Computing,"Terraform, AWS, Kubernetes, Google Cloud Platform, Cloud Security",Become Cloud Solutions Architect,ENTJ,"Information Technology professional specializing in cloud computing, infrastructure automation, and cloud-native application deployment. Experienced in modern DevOps practices.","Outside work, I explore emerging cloud platforms, security best practices, and automation tools that improve operational efficiency.","Cricket, Hackathons, Public Speaking, Drawing, Cycling",structured,"analytical, supportive, focused","Discipline, Accountability",2,"GCP, Kubernetes, Docker",Depends on Opportunity,https://github.com/keerthanabhat844,Intern,Cloud Engineer,4-6 LPA,Cloud Computing,Less than 1 Year,"Cloud Engineer Terraform, AWS, Kubernetes, Google Cloud Platform, Cloud Security Become Cloud Solutions Architect Information Technology professional specializing in cloud computing, infrastructure automation, and cloud-native application deployment. Experienced in modern DevOps practices. Outside work, I explore emerging cloud platforms, security best practices, and automation tools that improve operational efficiency. Cricket, Hackathons, Public Speaking, Drawing, Cycling analytical, supportive, focused Discipline, Accountability GCP, Kubernetes, Docker Cloud Computing",cloud engineer terraform aws kubernetes google cloud platform cloud security become cloud solutions architect information technology professional specializing in cloud computing infrastructure automation and cloud native application deployment experienced in modern devops practices outside work i explore emerging cloud platforms security best practices and automation tools that improve operational efficiency cricket hackathons public speaking drawing cycling analytical supportive focused discipline accountability gcp kubernetes docker cloud computing
U074,Nikhil Rao,24,Female,Chennai,Tamil Nadu,Database Administrator,3,M.Tech Artificial Intelligence,Database Administrator,Hybrid,Small (2-5 members),Books,"English, Kannada",Microsoft Certified,Available within 30 days,Database Management,"Database Security, Performance Tuning, Git, Replication, MySQL, Data Modeling",Ensure data security,ISTJ,"Database Administrator experienced in managing enterprise databases, optimizing performance, and ensuring high availability of business-critical systems.",I enjoy maintaining reliable database systems that support organizational success through secure and efficient data management.,"Music, Hackathons, Cricket, Yoga",creative,"creative, curious, innovative, focused, practical","Teamwork, Accountability, Continuous Learning, Creativity",1,"Oracle, SQL, Linux",Yes,https://github.com/nikhilrao854,Entry Level,Database Administrator,5-10 LPA,Database Management,1-2 Years,"Database Administrator Database Security, Performance Tuning, Git, Replication, MySQL, Data Modeling Ensure data security Database Administrator experienced in managing enterprise databases, optimizing performance, and ensuring high availability of business-critical systems. I enjoy maintaining reliable database systems that support organizational success through secure and efficient data management. Music, Hackathons, Cricket, Yoga creative, curious, innovative, focused, practical Teamwork, Accountability, Continuous Learning, Creativity Oracle, SQL, Linux Database Management",database administrator database security performance tuning git replication mysql data modeling ensure data security database administrator experienced in managing enterprise databases optimizing performance and ensuring high availability of business critical systems i enjoy maintaining reliable database systems that support organizational success through secure and efficient data management music hackathons cricket yoga creative curious innovative focused practical teamwork accountability continuous learning creativity oracle sql linux database management
U075,Karthik Sharma,28,Female,Chennai,Tamil Nadu,Full Stack Developer,2,M.Tech Artificial Intelligence,Full Stack Developer,Remote,Large (10+ members),Hands-on Projects,"English, Telugu",Coursera Professional Certificate,Available within 15 days,Software Development,"React, REST APIs, Node.js, MongoDB, SQL",Develop complete web applications,ISTP,Full Stack Developer experienced in building complete web applications using modern frontend and backend technologies. Passionate about delivering scalable and user-friendly software solutions.,"Outside work, I enjoy contributing to open-source projects, learning new frameworks, and experimenting with modern web technologies.","Fitness, Yoga, Music, Movies",structured,"practical, creative, supportive","Teamwork, Innovation, Accountability",8,"React, Node.js, MongoDB",Yes,https://github.com/karthiksharma228,Entry Level,Full Stack Developer,5-10 LPA,Software Development,Less than 1 Year,"Full Stack Developer React, REST APIs, Node.js, MongoDB, SQL Develop complete web applications Full Stack Developer experienced in building complete web applications using modern frontend and backend technologies. Passionate about delivering scalable and user-friendly software solutions. Outside work, I enjoy contributing to open-source projects, learning new frameworks, and experimenting with modern web technologies. Fitness, Yoga, Music, Movies practical, creative, supportive Teamwork, Innovation, Accountability React, Node.js, MongoDB Software Development",full stack developer react rest apis node js mongodb sql develop complete web applications full stack developer experienced in building complete web applications using modern frontend and backend technologies passionate about delivering scalable and user friendly software solutions outside work i enjoy contributing to open source projects learning new frameworks and experimenting with modern web technologies fitness yoga music movies practical creative supportive teamwork innovation accountability react node js mongodb software development
U076,Neha Bhat,34,Female,Mumbai,Maharashtra,UI/UX Designer,4,M.Tech Data Science,UI/UX Designer,On-site,Large (10+ members),Workshops,"English, Malayalam",Google Professional Certificate,Available within 30 days,Design,"Adobe XD, Creativity, Wireframing, Communication, UX Design",Become UX Architect,ESTJ,Creative designer passionate about building intuitive interfaces that improve usability and customer satisfaction.,Creativity and empathy inspire me to design products that solve real-world problems effectively.,"Yoga, Movies, Gaming, Open Source, Chess",collaborative,"supportive, innovative, analytical","Empathy, Continuous Learning",3,"Figma, Adobe XD, Photoshop",Depends on Opportunity,https://github.com/nehabhat463,Associate,UI/UX Designer,8-15 LPA,Design,1-2 Years,"UI/UX Designer Adobe XD, Creativity, Wireframing, Communication, UX Design Become UX Architect Creative designer passionate about building intuitive interfaces that improve usability and customer satisfaction. Creativity and empathy inspire me to design products that solve real-world problems effectively. Yoga, Movies, Gaming, Open Source, Chess supportive, innovative, analytical Empathy, Continuous Learning Figma, Adobe XD, Photoshop Design",ui ux designer adobe xd creativity wireframing communication ux design become ux architect creative designer passionate about building intuitive interfaces that improve usability and customer satisfaction creativity and empathy inspire me to design products that solve real world problems effectively yoga movies gaming open source chess supportive innovative analytical empathy continuous learning figma adobe xd photoshop design
U077,Bhavya Sharma,35,Female,Bengaluru,Karnataka,Computer Vision Engineer,1,B.Tech Computer Science,Computer Vision Engineer,Remote,Medium (6-10 members),Workshops,"English, Malayalam",Udemy Professional Course,Available within 15 days,Artificial Intelligence,"TensorFlow, CNN, NumPy, Computer Vision, Deep Learning, Image Processing",Build autonomous computer vision applications,INTJ,"Computer Vision Engineer experienced in designing intelligent image processing and object detection systems using Python, OpenCV, and deep learning frameworks.","Curious and analytical by nature, I enjoy transforming visual data into intelligent solutions while continuously improving my technical and research skills.","Nature Walks, Yoga, Fitness, Cricket, Music",analytical,"confident, patient, creative","Creativity, Accountability, Continuous Learning, Innovation",1,"Python, TensorFlow, OpenCV",Yes,https://github.com/bhavyasharma379,Intern,Computer Vision Engineer,4-6 LPA,Artificial Intelligence,Less than 1 Year,"Computer Vision Engineer TensorFlow, CNN, NumPy, Computer Vision, Deep Learning, Image Processing Build autonomous computer vision applications Computer Vision Engineer experienced in designing intelligent image processing and object detection systems using Python, OpenCV, and deep learning frameworks. Curious and analytical by nature, I enjoy transforming visual data into intelligent solutions while continuously improving my technical and research skills. Nature Walks, Yoga, Fitness, Cricket, Music confident, patient, creative Creativity, Accountability, Continuous Learning, Innovation Python, TensorFlow, OpenCV Artificial Intelligence",computer vision engineer tensorflow cnn numpy computer vision deep learning image processing build autonomous computer vision applications computer vision engineer experienced in designing intelligent image processing and object detection systems using python opencv and deep learning frameworks curious and analytical by nature i enjoy transforming visual data into intelligent solutions while continuously improving my technical and research skills nature walks yoga fitness cricket music confident patient creative creativity accountability continuous learning innovation python tensorflow opencv artificial intelligence
U078,Nikitha Rao,34,Female,Chennai,Tamil Nadu,QA Engineer,1,Bachelor of Computer Applications,QA Engineer,Remote,Small (2-5 members),Books,"English, Hindi, Telugu",Coursera Professional Certificate,Immediately Available,Software Testing,"Manual Testing, Python, Automation Testing, TestNG, Git",Develop advanced testing frameworks,ISTJ,"Experienced QA Engineer skilled in test planning, defect tracking, and automation testing. Focused on ensuring software quality throughout the development lifecycle.",Software testing allows me to solve problems systematically while improving user satisfaction. I enjoy learning new automation tools and testing techniques.,"Cricket, Travel, Reading, Cycling, Volunteering",analytical,"analytical, optimistic, practical, patient, innovative","Creativity, Integrity, Empathy, Accountability",1,"JUnit, Selenium, Git",Yes,https://github.com/nikitharao757,Intern,QA Engineer,4-6 LPA,Software Testing,Less than 1 Year,"QA Engineer Manual Testing, Python, Automation Testing, TestNG, Git Develop advanced testing frameworks Experienced QA Engineer skilled in test planning, defect tracking, and automation testing. Focused on ensuring software quality throughout the development lifecycle. Software testing allows me to solve problems systematically while improving user satisfaction. I enjoy learning new automation tools and testing techniques. Cricket, Travel, Reading, Cycling, Volunteering analytical, optimistic, practical, patient, innovative Creativity, Integrity, Empathy, Accountability JUnit, Selenium, Git Software Testing",qa engineer manual testing python automation testing testng git develop advanced testing frameworks experienced qa engineer skilled in test planning defect tracking and automation testing focused on ensuring software quality throughout the development lifecycle software testing allows me to solve problems systematically while improving user satisfaction i enjoy learning new automation tools and testing techniques cricket travel reading cycling volunteering analytical optimistic practical patient innovative creativity integrity empathy accountability junit selenium git software testing
U079,Anusha Singh,23,Male,Ahmedabad,Gujarat,Product Manager,0,Master of Computer Applications,Product Manager,On-site,Large (10+ members),Mentorship,"English, Hindi, Tamil",Microsoft Certified,Available within 15 days,Product Management,"Agile, Analytics, Decision Making, Roadmapping, Product Strategy, JIRA",Build successful digital products,INFJ,"Experienced Product Manager skilled in Agile methodologies, market research, and product roadmap development for technology-driven organizations.","Outside work, I enjoy exploring startup ecosystems, reading about product strategy, and learning emerging technologies.","Cycling, Cricket, Music, Hackathons, Travel",proactive,"curious, creative, patient, innovative, optimistic","Accountability, Continuous Learning",2,"JIRA, SQL, Analytics",Depends on Opportunity,https://github.com/anushasingh386,Student,Product Manager,3-5 LPA,Product Management,No Experience,"Product Manager Agile, Analytics, Decision Making, Roadmapping, Product Strategy, JIRA Build successful digital products Experienced Product Manager skilled in Agile methodologies, market research, and product roadmap development for technology-driven organizations. Outside work, I enjoy exploring startup ecosystems, reading about product strategy, and learning emerging technologies. Cycling, Cricket, Music, Hackathons, Travel curious, creative, patient, innovative, optimistic Accountability, Continuous Learning JIRA, SQL, Analytics Product Management",product manager agile analytics decision making roadmapping product strategy jira build successful digital products experienced product manager skilled in agile methodologies market research and product roadmap development for technology driven organizations outside work i enjoy exploring startup ecosystems reading about product strategy and learning emerging technologies cycling cricket music hackathons travel curious creative patient innovative optimistic accountability continuous learning jira sql analytics product management
U080,Nandini Nair,34,Female,Hyderabad,Telangana,Business Analyst,7,Master of Computer Applications,Business Analyst,Remote,Large (10+ members),Workshops,"English, Kannada",Microsoft Certified,Immediately Available,Business Analytics,"Business Process Modeling, Excel, Stakeholder Management, Communication, SQL, Power BI",Lead digital transformation initiatives,INFJ,Dedicated Business Analyst experienced in transforming business requirements into practical technology solutions that improve operational efficiency.,Working closely with stakeholders motivates me to deliver meaningful solutions that create measurable business value. I enjoy continuous learning and teamwork.,"Nature Walks, Hackathons, Reading",creative,"innovative, optimistic, analytical","Discipline, Teamwork",12,"Excel, Tableau, Power BI",No,https://github.com/nandininair802,Mid Level,Business Analyst,12-20 LPA,Business Analytics,2+ Years,"Business Analyst Business Process Modeling, Excel, Stakeholder Management, Communication, SQL, Power BI Lead digital transformation initiatives Dedicated Business Analyst experienced in transforming business requirements into practical technology solutions that improve operational efficiency. Working closely with stakeholders motivates me to deliver meaningful solutions that create measurable business value. I enjoy continuous learning and teamwork. Nature Walks, Hackathons, Reading innovative, optimistic, analytical Discipline, Teamwork Excel, Tableau, Power BI Business Analytics",business analyst business process modeling excel stakeholder management communication sql power bi lead digital transformation initiatives dedicated business analyst experienced in transforming business requirements into practical technology solutions that improve operational efficiency working closely with stakeholders motivates me to deliver meaningful solutions that create measurable business value i enjoy continuous learning and teamwork nature walks hackathons reading innovative optimistic analytical discipline teamwork excel tableau power bi business analytics
U081,Riya Mishra,21,Male,Mumbai,Maharashtra,DevOps Engineer,0,Master of Computer Applications,DevOps Engineer,Hybrid,Small (2-5 members),Workshops,"English, Hindi",Udemy Professional Course,Available within 30 days,Cloud Computing,"Automation, AWS, Kubernetes, Docker, Terraform",Lead platform engineering teams,ISTP,"DevOps professional skilled in infrastructure management, deployment automation, and cloud operations. Dedicated to improving system reliability and operational efficiency.","I enjoy automating repetitive tasks and improving software delivery processes. I value efficiency, teamwork, and continuous improvement.","Cricket, Cycling, Open Source, Badminton",creative,"optimistic, patient, analytical, supportive","Adaptability, Continuous Learning",5,"Docker, Kubernetes, Jenkins",Depends on Opportunity,https://github.com/riyamishra994,Student,DevOps Engineer,3-5 LPA,Cloud Computing,No Experience,"DevOps Engineer Automation, AWS, Kubernetes, Docker, Terraform Lead platform engineering teams DevOps professional skilled in infrastructure management, deployment automation, and cloud operations. Dedicated to improving system reliability and operational efficiency. I enjoy automating repetitive tasks and improving software delivery processes. I value efficiency, teamwork, and continuous improvement. Cricket, Cycling, Open Source, Badminton optimistic, patient, analytical, supportive Adaptability, Continuous Learning Docker, Kubernetes, Jenkins Cloud Computing",devops engineer automation aws kubernetes docker terraform lead platform engineering teams devops professional skilled in infrastructure management deployment automation and cloud operations dedicated to improving system reliability and operational efficiency i enjoy automating repetitive tasks and improving software delivery processes i value efficiency teamwork and continuous improvement cricket cycling open source badminton optimistic patient analytical supportive adaptability continuous learning docker kubernetes jenkins cloud computing
U082,Harsha Verma,28,Male,Bengaluru,Karnataka,Computer Vision Engineer,1,Master of Computer Applications,Computer Vision Engineer,On-site,Large (10+ members),Workshops,"English, Hindi",Microsoft Certified,Available within 15 days,Artificial Intelligence,"Deep Learning, CNN, OpenCV, Object Detection, Git, Computer Vision",Build autonomous computer vision applications,ENTJ,"Experienced Computer Vision Engineer focused on image analysis, object detection, and visual intelligence using TensorFlow and PyTorch.","I enjoy solving challenging image processing problems and continuously learning modern computer vision techniques. I value creativity, innovation, and collaboration.","Blogging, Hackathons, Open Source, Movies, Photography",analytical,"creative, curious, innovative, supportive","Discipline, Adaptability, Teamwork",3,"Python, PyTorch, OpenCV",No,https://github.com/harshaverma178,Intern,Computer Vision Engineer,4-6 LPA,Artificial Intelligence,Less than 1 Year,"Computer Vision Engineer Deep Learning, CNN, OpenCV, Object Detection, Git, Computer Vision Build autonomous computer vision applications Experienced Computer Vision Engineer focused on image analysis, object detection, and visual intelligence using TensorFlow and PyTorch. I enjoy solving challenging image processing problems and continuously learning modern computer vision techniques. I value creativity, innovation, and collaboration. Blogging, Hackathons, Open Source, Movies, Photography creative, curious, innovative, supportive Discipline, Adaptability, Teamwork Python, PyTorch, OpenCV Artificial Intelligence",computer vision engineer deep learning cnn opencv object detection git computer vision build autonomous computer vision applications experienced computer vision engineer focused on image analysis object detection and visual intelligence using tensorflow and pytorch i enjoy solving challenging image processing problems and continuously learning modern computer vision techniques i value creativity innovation and collaboration blogging hackathons open source movies photography creative curious innovative supportive discipline adaptability teamwork python pytorch opencv artificial intelligence
U083,Karthik Yadav,33,Male,Hyderabad,Telangana,Computer Vision Engineer,9,B.Tech Computer Science,Computer Vision Engineer,Remote,Large (10+ members),Books,"English, Tamil",Google Professional Certificate,Available within 15 days,Artificial Intelligence,"OpenCV, Python, Computer Vision, PyTorch, TensorFlow",Build autonomous computer vision applications,ESTJ,"Computer Vision Engineer experienced in designing intelligent image processing and object detection systems using Python, OpenCV, and deep learning frameworks.","Curious and analytical by nature, I enjoy transforming visual data into intelligent solutions while continuously improving my technical and research skills.","Photography, Cooking, Volunteering, Open Source",goal-oriented,"innovative, practical, creative","Teamwork, Innovation, Respect",9,"Python, OpenCV, YOLO",Yes,https://github.com/karthikyadav114,Mid Level,Computer Vision Engineer,12-20 LPA,Artificial Intelligence,2+ Years,"Computer Vision Engineer OpenCV, Python, Computer Vision, PyTorch, TensorFlow Build autonomous computer vision applications Computer Vision Engineer experienced in designing intelligent image processing and object detection systems using Python, OpenCV, and deep learning frameworks. Curious and analytical by nature, I enjoy transforming visual data into intelligent solutions while continuously improving my technical and research skills. Photography, Cooking, Volunteering, Open Source innovative, practical, creative Teamwork, Innovation, Respect Python, OpenCV, YOLO Artificial Intelligence",computer vision engineer opencv python computer vision pytorch tensorflow build autonomous computer vision applications computer vision engineer experienced in designing intelligent image processing and object detection systems using python opencv and deep learning frameworks curious and analytical by nature i enjoy transforming visual data into intelligent solutions while continuously improving my technical and research skills photography cooking volunteering open source innovative practical creative teamwork innovation respect python opencv yolo artificial intelligence
U084,Pranav Yadav,23,Female,Kolkata,West Bengal,UI/UX Designer,1,B.Tech Information Technology,UI/UX Designer,On-site,Large (10+ members),Video Courses,"English, Hindi",Udemy Professional Course,Available within 30 days,Design,"Illustrator, Creativity, Communication, Prototyping, User Research",Improve product accessibility,INFJ,"UI/UX Designer experienced in creating user-centered digital experiences through research, prototyping, and modern design tools.",I enjoy creating intuitive experiences that make technology simple and enjoyable for users.,"Drawing, Hackathons, Movies, Cycling, Open Source",analytical,"curious, focused, patient","Respect, Integrity",4,"Figma, Adobe XD, Photoshop",No,https://github.com/pranavyadav914,Intern,UI/UX Designer,4-6 LPA,Design,Less than 1 Year,"UI/UX Designer Illustrator, Creativity, Communication, Prototyping, User Research Improve product accessibility UI/UX Designer experienced in creating user-centered digital experiences through research, prototyping, and modern design tools. I enjoy creating intuitive experiences that make technology simple and enjoyable for users. Drawing, Hackathons, Movies, Cycling, Open Source curious, focused, patient Respect, Integrity Figma, Adobe XD, Photoshop Design",ui ux designer illustrator creativity communication prototyping user research improve product accessibility ui ux designer experienced in creating user centered digital experiences through research prototyping and modern design tools i enjoy creating intuitive experiences that make technology simple and enjoyable for users drawing hackathons movies cycling open source curious focused patient respect integrity figma adobe xd photoshop design
U085,Ishita Chowdhury,33,Female,Vijayawada,Andhra Pradesh,Solutions Architect,5,M.Tech Data Science,Solutions Architect,Hybrid,Large (10+ members),Mentorship,"English, Hindi, Telugu",Google Professional Certificate,Available within 30 days,Information Technology,"Azure, AWS, Cloud Architecture, Enterprise Solutions, Java, Software Architecture, Microservices",Design enterprise technology solutions,INTJ,Solutions Architect passionate about delivering innovative technology solutions that align business objectives with scalable software systems.,"Outside work, I enjoy exploring emerging cloud technologies, system design concepts, and enterprise architecture patterns.","Fitness, Badminton, Gaming, Drawing, Chess",detail-oriented,"curious, analytical, practical, confident","Teamwork, Integrity, Empathy, Discipline",6,"AWS, Kubernetes, Docker",Yes,https://github.com/ishitachowdhury376,Associate,Solutions Architect,8-15 LPA,Information Technology,1-2 Years,"Solutions Architect Azure, AWS, Cloud Architecture, Enterprise Solutions, Java, Software Architecture, Microservices Design enterprise technology solutions Solutions Architect passionate about delivering innovative technology solutions that align business objectives with scalable software systems. Outside work, I enjoy exploring emerging cloud technologies, system design concepts, and enterprise architecture patterns. Fitness, Badminton, Gaming, Drawing, Chess curious, analytical, practical, confident Teamwork, Integrity, Empathy, Discipline AWS, Kubernetes, Docker Information Technology",solutions architect azure aws cloud architecture enterprise solutions java software architecture microservices design enterprise technology solutions solutions architect passionate about delivering innovative technology solutions that align business objectives with scalable software systems outside work i enjoy exploring emerging cloud technologies system design concepts and enterprise architecture patterns fitness badminton gaming drawing chess curious analytical practical confident teamwork integrity empathy discipline aws kubernetes docker information technology
U086,Diya Agarwal,33,Male,Chennai,Tamil Nadu,Machine Learning Engineer,5,Bachelor of Computer Applications,Machine Learning Engineer,Hybrid,Large (10+ members),Hands-on Projects,"English, Hindi, Telugu",Google AI,Available within 15 days,Information Technology,"NumPy, Scikit-learn, Git, Python, Machine Learning",Develop AI-powered healthcare solutions,INTP,"Machine Learning Engineer with experience developing predictive models using Python, TensorFlow, and Scikit-learn. Passionate about solving real-world problems through artificial intelligence.","I believe continuous learning is essential in technology. I enjoy mentoring peers, exploring new AI research, and working in collaborative environments.","Volunteering, Drawing, Cycling, Cooking, Hackathons",organized,"practical, creative, innovative, confident, focused","Respect, Innovation, Discipline, Creativity",3,"Python, PyTorch, Docker",Depends on Opportunity,https://github.com/diyaagarwal216,Associate,Machine Learning Engineer,8-15 LPA,Information Technology,1-2 Years,"Machine Learning Engineer NumPy, Scikit-learn, Git, Python, Machine Learning Develop AI-powered healthcare solutions Machine Learning Engineer with experience developing predictive models using Python, TensorFlow, and Scikit-learn. Passionate about solving real-world problems through artificial intelligence. I believe continuous learning is essential in technology. I enjoy mentoring peers, exploring new AI research, and working in collaborative environments. Volunteering, Drawing, Cycling, Cooking, Hackathons practical, creative, innovative, confident, focused Respect, Innovation, Discipline, Creativity Python, PyTorch, Docker Information Technology",machine learning engineer numpy scikit learn git python machine learning develop ai powered healthcare solutions machine learning engineer with experience developing predictive models using python tensorflow and scikit learn passionate about solving real world problems through artificial intelligence i believe continuous learning is essential in technology i enjoy mentoring peers exploring new ai research and working in collaborative environments volunteering drawing cycling cooking hackathons practical creative innovative confident focused respect innovation discipline creativity python pytorch docker information technology
U087,Aarav Malhotra,30,Female,Mumbai,Maharashtra,Full Stack Developer,1,B.Tech Information Technology,Full Stack Developer,On-site,Small (2-5 members),Mentorship,"English, Hindi, Telugu",Udemy Professional Course,Immediately Available,Software Development,"REST APIs, Python, React, HTML, Node.js, MongoDB",Master modern full stack technologies,ENTJ,"Software Engineer specializing in full stack application development with expertise in React, Django, Node.js, and SQL databases. Experienced in developing end-to-end web solutions.",I believe understanding the entire software development lifecycle helps build better applications. I enjoy working with cross-functional teams and solving technical challenges.,"Music, Hackathons, Cricket",independent,"curious, practical, innovative, patient, focused","Innovation, Accountability, Empathy",4,"Django, React, PostgreSQL",No,https://github.com/aaravmalhotra981,Intern,Full Stack Developer,4-6 LPA,Software Development,Less than 1 Year,"Full Stack Developer REST APIs, Python, React, HTML, Node.js, MongoDB Master modern full stack technologies Software Engineer specializing in full stack application development with expertise in React, Django, Node.js, and SQL databases. Experienced in developing end-to-end web solutions. I believe understanding the entire software development lifecycle helps build better applications. I enjoy working with cross-functional teams and solving technical challenges. Music, Hackathons, Cricket curious, practical, innovative, patient, focused Innovation, Accountability, Empathy Django, React, PostgreSQL Software Development",full stack developer rest apis python react html node js mongodb master modern full stack technologies software engineer specializing in full stack application development with expertise in react django node js and sql databases experienced in developing end to end web solutions i believe understanding the entire software development lifecycle helps build better applications i enjoy working with cross functional teams and solving technical challenges music hackathons cricket curious practical innovative patient focused innovation accountability empathy django react postgresql software development
U088,Sneha Kapoor,27,Female,Jaipur,Rajasthan,Business Analyst,2,B.E Computer Engineering,Business Analyst,Remote,Medium (6-10 members),Video Courses,"English, Telugu",Google Professional Certificate,Available within 15 days,Business Analytics,"Communication, Documentation, Tableau, Power BI, Problem Solving",Improve business processes,ENFJ,"Experienced Business Analyst specializing in process improvement, data analysis, and business intelligence solutions that support strategic decision-making.",I enjoy understanding business challenges and identifying opportunities for improvement through analytical thinking and collaboration.,"Volunteering, Cooking, Yoga",detail-oriented,"analytical, focused, patient","Accountability, Discipline",5,"Power BI, SQL, Excel",Yes,https://github.com/snehakapoor569,Entry Level,Business Analyst,5-10 LPA,Business Analytics,Less than 1 Year,"Business Analyst Communication, Documentation, Tableau, Power BI, Problem Solving Improve business processes Experienced Business Analyst specializing in process improvement, data analysis, and business intelligence solutions that support strategic decision-making. I enjoy understanding business challenges and identifying opportunities for improvement through analytical thinking and collaboration. Volunteering, Cooking, Yoga analytical, focused, patient Accountability, Discipline Power BI, SQL, Excel Business Analytics",business analyst communication documentation tableau power bi problem solving improve business processes experienced business analyst specializing in process improvement data analysis and business intelligence solutions that support strategic decision making i enjoy understanding business challenges and identifying opportunities for improvement through analytical thinking and collaboration volunteering cooking yoga analytical focused patient accountability discipline power bi sql excel business analytics
U089,Lavanya Saxena,25,Male,Pune,Maharashtra,Data Analyst,2,B.Tech Computer Science,Data Analyst,Remote,Small (2-5 members),Mentorship,"English, Malayalam",Google Professional Certificate,Available within 15 days,Analytics,"Tableau, Visualization, Python, SQL, Pandas, Business Analytics, Data Cleaning",Improve organizational decision making,ISTJ,"Experienced in business analytics, reporting, and dashboard development using modern analytical tools and visualization platforms.","I enjoy organizing information, solving analytical problems, and helping teams make informed decisions using data.","Drawing, Yoga, Cricket, Music",proactive,"creative, focused, innovative, practical","Empathy, Integrity",8,"Excel, SQL, Power BI",Yes,https://github.com/lavanyasaxena563,Entry Level,Data Analyst,5-10 LPA,Analytics,Less than 1 Year,"Data Analyst Tableau, Visualization, Python, SQL, Pandas, Business Analytics, Data Cleaning Improve organizational decision making Experienced in business analytics, reporting, and dashboard development using modern analytical tools and visualization platforms. I enjoy organizing information, solving analytical problems, and helping teams make informed decisions using data. Drawing, Yoga, Cricket, Music creative, focused, innovative, practical Empathy, Integrity Excel, SQL, Power BI Analytics",data analyst tableau visualization python sql pandas business analytics data cleaning improve organizational decision making experienced in business analytics reporting and dashboard development using modern analytical tools and visualization platforms i enjoy organizing information solving analytical problems and helping teams make informed decisions using data drawing yoga cricket music creative focused innovative practical empathy integrity excel sql power bi analytics
U090,Vivek Yadav,25,Male,Ahmedabad,Gujarat,Cybersecurity Analyst,4,M.Tech Artificial Intelligence,Cybersecurity Analyst,On-site,Large (10+ members),Books,"English, Kannada",CEH,Available within 15 days,Cybersecurity,"Wireshark, Risk Assessment, Network Security, Python, Ethical Hacking",Protect enterprise systems,INFJ,Technology professional dedicated to safeguarding digital assets through proactive security monitoring and continuous risk management.,Cybersecurity motivates me because technology should always be secure and reliable. I enjoy researching new attack techniques and defensive strategies.,"Photography, Movies, Badminton, Fitness, Travel",goal-oriented,"creative, patient, confident","Integrity, Accountability",1,"Kali Linux, Burp Suite, Python",Depends on Opportunity,https://github.com/vivekyadav486,Associate,Cybersecurity Analyst,8-15 LPA,Cybersecurity,1-2 Years,"Cybersecurity Analyst Wireshark, Risk Assessment, Network Security, Python, Ethical Hacking Protect enterprise systems Technology professional dedicated to safeguarding digital assets through proactive security monitoring and continuous risk management. Cybersecurity motivates me because technology should always be secure and reliable. I enjoy researching new attack techniques and defensive strategies. Photography, Movies, Badminton, Fitness, Travel creative, patient, confident Integrity, Accountability Kali Linux, Burp Suite, Python Cybersecurity",cybersecurity analyst wireshark risk assessment network security python ethical hacking protect enterprise systems technology professional dedicated to safeguarding digital assets through proactive security monitoring and continuous risk management cybersecurity motivates me because technology should always be secure and reliable i enjoy researching new attack techniques and defensive strategies photography movies badminton fitness travel creative patient confident integrity accountability kali linux burp suite python cybersecurity
U091,Rahul Bhat,24,Male,Indore,Madhya Pradesh,UI/UX Designer,3,M.Tech Data Science,UI/UX Designer,On-site,Medium (6-10 members),Hands-on Projects,"English, Hindi, Tamil",Microsoft Certified,Immediately Available,Design,"Wireframing, Illustrator, User Research, UI Design, Adobe XD, Figma, Prototyping",Design world-class digital interfaces,ENFP,"Experienced UI/UX professional specializing in user research, interaction design, and responsive interface development.",I am passionate about transforming ideas into beautiful and functional digital experiences through creativity and collaboration.,"Badminton, Travel, Chess",proactive,"innovative, optimistic, practical, focused","Adaptability, Empathy, Integrity",1,"Figma, Prototyping, Photoshop",Depends on Opportunity,https://github.com/rahulbhat455,Entry Level,UI/UX Designer,5-10 LPA,Design,1-2 Years,"UI/UX Designer Wireframing, Illustrator, User Research, UI Design, Adobe XD, Figma, Prototyping Design world-class digital interfaces Experienced UI/UX professional specializing in user research, interaction design, and responsive interface development. I am passionate about transforming ideas into beautiful and functional digital experiences through creativity and collaboration. Badminton, Travel, Chess innovative, optimistic, practical, focused Adaptability, Empathy, Integrity Figma, Prototyping, Photoshop Design",ui ux designer wireframing illustrator user research ui design adobe xd figma prototyping design world class digital interfaces experienced ui ux professional specializing in user research interaction design and responsive interface development i am passionate about transforming ideas into beautiful and functional digital experiences through creativity and collaboration badminton travel chess innovative optimistic practical focused adaptability empathy integrity figma prototyping photoshop design
U092,Aniket Iyer,23,Female,Lucknow,Uttar Pradesh,Data Analyst,1,Master of Computer Applications,Data Analyst,On-site,Large (10+ members),Hands-on Projects,"English, Kannada",Microsoft Certified,Available within 15 days,Analytics,"Visualization, Pandas, SQL, Python, Power BI, Excel, Business Analytics",Become Senior Data Analyst,ESTJ,"Data Analyst skilled in SQL, Python, Excel, and Power BI for transforming complex datasets into actionable business insights.","I value accuracy, teamwork, and continuous learning. Outside work, I enjoy reading, chess, and improving my analytical skills.","Cricket, Volunteering, Music, Gaming",goal-oriented,"innovative, supportive, focused","Discipline, Innovation",3,"Python, SQL, Tableau",No,https://github.com/aniketiyer422,Intern,Data Analyst,4-6 LPA,Analytics,Less than 1 Year,"Data Analyst Visualization, Pandas, SQL, Python, Power BI, Excel, Business Analytics Become Senior Data Analyst Data Analyst skilled in SQL, Python, Excel, and Power BI for transforming complex datasets into actionable business insights. I value accuracy, teamwork, and continuous learning. Outside work, I enjoy reading, chess, and improving my analytical skills. Cricket, Volunteering, Music, Gaming innovative, supportive, focused Discipline, Innovation Python, SQL, Tableau Analytics",data analyst visualization pandas sql python power bi excel business analytics become senior data analyst data analyst skilled in sql python excel and power bi for transforming complex datasets into actionable business insights i value accuracy teamwork and continuous learning outside work i enjoy reading chess and improving my analytical skills cricket volunteering music gaming innovative supportive focused discipline innovation python sql tableau analytics
U093,Krishna Nair,29,Male,Mumbai,Maharashtra,AI Research Engineer,0,B.E Computer Engineering,AI Research Engineer,Hybrid,Medium (6-10 members),Workshops,"English, Hindi, Tamil",Google Professional Certificate,Available within 30 days,Artificial Intelligence,"TensorFlow, Natural Language Processing, Computer Vision, Python, Scientific Computing, PyTorch",Publish research in top AI conferences,ESFJ,"AI Research Engineer passionate about advancing artificial intelligence through innovative research in deep learning, natural language processing, and computer vision. Experienced in Python, TensorFlow, and PyTorch for building intelligent systems.",I believe continuous learning is essential in artificial intelligence. I enjoy working in collaborative environments where innovative ideas can be transformed into practical AI applications.,"Drawing, Public Speaking, Cooking, Yoga",structured,"focused, practical, creative, innovative, supportive","Continuous Learning, Respect, Integrity, Teamwork",6,"Python, Hugging Face, PyTorch",Yes,https://github.com/krishnanair736,Student,AI Research Engineer,3-5 LPA,Artificial Intelligence,No Experience,"AI Research Engineer TensorFlow, Natural Language Processing, Computer Vision, Python, Scientific Computing, PyTorch Publish research in top AI conferences AI Research Engineer passionate about advancing artificial intelligence through innovative research in deep learning, natural language processing, and computer vision. Experienced in Python, TensorFlow, and PyTorch for building intelligent systems. I believe continuous learning is essential in artificial intelligence. I enjoy working in collaborative environments where innovative ideas can be transformed into practical AI applications. Drawing, Public Speaking, Cooking, Yoga focused, practical, creative, innovative, supportive Continuous Learning, Respect, Integrity, Teamwork Python, Hugging Face, PyTorch Artificial Intelligence",ai research engineer tensorflow natural language processing computer vision python scientific computing pytorch publish research in top ai conferences ai research engineer passionate about advancing artificial intelligence through innovative research in deep learning natural language processing and computer vision experienced in python tensorflow and pytorch for building intelligent systems i believe continuous learning is essential in artificial intelligence i enjoy working in collaborative environments where innovative ideas can be transformed into practical ai applications drawing public speaking cooking yoga focused practical creative innovative supportive continuous learning respect integrity teamwork python hugging face pytorch artificial intelligence
U094,Arjun Singh,30,Female,Kolkata,West Bengal,Computer Vision Engineer,2,B.E Computer Engineering,Computer Vision Engineer,On-site,Medium (6-10 members),Mentorship,"English, Malayalam",Udemy Professional Course,Available within 15 days,Artificial Intelligence,"PyTorch, Computer Vision, Git, NumPy, Image Processing",Improve object detection algorithms,INTJ,"Artificial Intelligence Engineer with expertise in computer vision algorithms, convolutional neural networks, and intelligent visual systems. Interested in solving real-world vision challenges.","My passion lies in developing intelligent visual systems that improve automation and real-world applications. Outside work, I enjoy exploring emerging AI technologies.","Gaming, Public Speaking, Chess, Movies",structured,"practical, analytical, curious, optimistic","Creativity, Discipline, Respect, Innovation",10,"Python, OpenCV, YOLO",Yes,https://github.com/arjunsingh884,Entry Level,Computer Vision Engineer,5-10 LPA,Artificial Intelligence,Less than 1 Year,"Computer Vision Engineer PyTorch, Computer Vision, Git, NumPy, Image Processing Improve object detection algorithms Artificial Intelligence Engineer with expertise in computer vision algorithms, convolutional neural networks, and intelligent visual systems. Interested in solving real-world vision challenges. My passion lies in developing intelligent visual systems that improve automation and real-world applications. Outside work, I enjoy exploring emerging AI technologies. Gaming, Public Speaking, Chess, Movies practical, analytical, curious, optimistic Creativity, Discipline, Respect, Innovation Python, OpenCV, YOLO Artificial Intelligence",computer vision engineer pytorch computer vision git numpy image processing improve object detection algorithms artificial intelligence engineer with expertise in computer vision algorithms convolutional neural networks and intelligent visual systems interested in solving real world vision challenges my passion lies in developing intelligent visual systems that improve automation and real world applications outside work i enjoy exploring emerging ai technologies gaming public speaking chess movies practical analytical curious optimistic creativity discipline respect innovation python opencv yolo artificial intelligence
U095,Madhuri Verma,22,Female,Ahmedabad,Gujarat,Data Engineer,1,B.Tech Information Technology,Data Engineer,On-site,Small (2-5 members),Mentorship,English,Coursera Professional Certificate,Available within 15 days,Information Technology,"ETL, Git, Data Warehousing, Big Data, Docker, Linux",Improve enterprise data infrastructure,INTJ,"Data Engineer experienced in designing scalable data pipelines, ETL workflows, and cloud-based data platforms using Python, SQL, and Apache Spark.",I am passionate about building efficient data platforms that enable organizations to make data-driven decisions. Continuous learning and innovation motivate my professional growth.,"Photography, Badminton, Gaming, Cycling",organized,"confident, supportive, focused, optimistic, creative","Discipline, Innovation",6,"Python, SQL, Airflow",Depends on Opportunity,https://github.com/madhuriverma503,Intern,Data Engineer,4-6 LPA,Information Technology,Less than 1 Year,"Data Engineer ETL, Git, Data Warehousing, Big Data, Docker, Linux Improve enterprise data infrastructure Data Engineer experienced in designing scalable data pipelines, ETL workflows, and cloud-based data platforms using Python, SQL, and Apache Spark. I am passionate about building efficient data platforms that enable organizations to make data-driven decisions. Continuous learning and innovation motivate my professional growth. Photography, Badminton, Gaming, Cycling confident, supportive, focused, optimistic, creative Discipline, Innovation Python, SQL, Airflow Information Technology",data engineer etl git data warehousing big data docker linux improve enterprise data infrastructure data engineer experienced in designing scalable data pipelines etl workflows and cloud based data platforms using python sql and apache spark i am passionate about building efficient data platforms that enable organizations to make data driven decisions continuous learning and innovation motivate my professional growth photography badminton gaming cycling confident supportive focused optimistic creative discipline innovation python sql airflow information technology
U096,Surya Verma,23,Male,Bhubaneswar,Odisha,Software Engineer,1,M.Tech Artificial Intelligence,Software Engineer,Remote,Medium (6-10 members),Hands-on Projects,"English, Telugu",Udemy Professional Course,Immediately Available,Information Technology,"Data Structures, REST APIs, C++, Algorithms, Java, SQL, Software Design",Become a Technical Lead,ENTJ,"Experienced Software Engineer with expertise in algorithms, software architecture, and application development. Passionate about creating efficient, scalable, and high-quality software products.",I believe successful software development combines technical excellence with effective teamwork. I enjoy exploring emerging technologies and improving system performance.,"Open Source, Movies, Chess, Volunteering, Photography",detail-oriented,"patient, focused, innovative","Empathy, Innovation, Creativity, Accountability",3,"Java, Docker, Git",No,https://github.com/suryaverma492,Intern,Software Engineer,4-6 LPA,Information Technology,Less than 1 Year,"Software Engineer Data Structures, REST APIs, C++, Algorithms, Java, SQL, Software Design Become a Technical Lead Experienced Software Engineer with expertise in algorithms, software architecture, and application development. Passionate about creating efficient, scalable, and high-quality software products. I believe successful software development combines technical excellence with effective teamwork. I enjoy exploring emerging technologies and improving system performance. Open Source, Movies, Chess, Volunteering, Photography patient, focused, innovative Empathy, Innovation, Creativity, Accountability Java, Docker, Git Information Technology",software engineer data structures rest apis c algorithms java sql software design become a technical lead experienced software engineer with expertise in algorithms software architecture and application development passionate about creating efficient scalable and high quality software products i believe successful software development combines technical excellence with effective teamwork i enjoy exploring emerging technologies and improving system performance open source movies chess volunteering photography patient focused innovative empathy innovation creativity accountability java docker git information technology
U097,Vaishnavi Singh,22,Male,Hyderabad,Telangana,Database Administrator,1,M.Tech Artificial Intelligence,Database Administrator,On-site,Medium (6-10 members),Books,"English, Hindi, Tamil",Udemy Professional Course,Available within 15 days,Database Management,"Performance Tuning, Replication, MySQL, Git, SQL, Linux",Ensure data security,INTJ,"Technology professional dedicated to delivering secure, scalable, and high-performance database solutions.",Problem-solving and attention to detail motivate me to optimize database performance and ensure data integrity.,"Gaming, Hackathons, Reading, Cycling, Yoga",collaborative,"curious, patient, confident, focused, creative","Innovation, Continuous Learning, Accountability",1,"Oracle, SQL, Linux",Depends on Opportunity,https://github.com/vaishnavisingh807,Intern,Database Administrator,4-6 LPA,Database Management,Less than 1 Year,"Database Administrator Performance Tuning, Replication, MySQL, Git, SQL, Linux Ensure data security Technology professional dedicated to delivering secure, scalable, and high-performance database solutions. Problem-solving and attention to detail motivate me to optimize database performance and ensure data integrity. Gaming, Hackathons, Reading, Cycling, Yoga curious, patient, confident, focused, creative Innovation, Continuous Learning, Accountability Oracle, SQL, Linux Database Management",database administrator performance tuning replication mysql git sql linux ensure data security technology professional dedicated to delivering secure scalable and high performance database solutions problem solving and attention to detail motivate me to optimize database performance and ensure data integrity gaming hackathons reading cycling yoga curious patient confident focused creative innovation continuous learning accountability oracle sql linux database management
U098,Keerthana Pandey,23,Male,Mumbai,Maharashtra,Machine Learning Engineer,0,Master of Computer Applications,Machine Learning Engineer,Remote,Small (2-5 members),Books,"English, Hindi",AWS Machine Learning,Immediately Available,Information Technology,"Python, Pandas, Natural Language Processing, PyTorch, NumPy",Become an AI Architect,ENTJ,"AI professional specializing in machine learning, deep learning, and data-driven solutions. Interested in building intelligent applications with modern ML frameworks.","I believe continuous learning is essential in technology. I enjoy mentoring peers, exploring new AI research, and working in collaborative environments.","Reading, Badminton, Movies, Cooking, Travel",creative,"curious, innovative, optimistic, confident, supportive","Integrity, Adaptability, Continuous Learning, Creativity",3,"Python, PyTorch, Docker",No,https://github.com/keerthanapandey323,Student,Machine Learning Engineer,3-5 LPA,Information Technology,No Experience,"Machine Learning Engineer Python, Pandas, Natural Language Processing, PyTorch, NumPy Become an AI Architect AI professional specializing in machine learning, deep learning, and data-driven solutions. Interested in building intelligent applications with modern ML frameworks. I believe continuous learning is essential in technology. I enjoy mentoring peers, exploring new AI research, and working in collaborative environments. Reading, Badminton, Movies, Cooking, Travel curious, innovative, optimistic, confident, supportive Integrity, Adaptability, Continuous Learning, Creativity Python, PyTorch, Docker Information Technology",machine learning engineer python pandas natural language processing pytorch numpy become an ai architect ai professional specializing in machine learning deep learning and data driven solutions interested in building intelligent applications with modern ml frameworks i believe continuous learning is essential in technology i enjoy mentoring peers exploring new ai research and working in collaborative environments reading badminton movies cooking travel curious innovative optimistic confident supportive integrity adaptability continuous learning creativity python pytorch docker information technology
U099,Vivaan Patel,22,Male,Pune,Maharashtra,Data Analyst,0,M.Tech Data Science,Data Analyst,On-site,Large (10+ members),Video Courses,"English, Hindi, Tamil",Google Professional Certificate,Available within 30 days,Analytics,"Business Analytics, Pandas, Excel, Tableau, Power BI, Python",Improve organizational decision making,ISTJ,"Experienced in business analytics, reporting, and dashboard development using modern analytical tools and visualization platforms.","I value accuracy, teamwork, and continuous learning. Outside work, I enjoy reading, chess, and improving my analytical skills.","Travel, Drawing, Gaming",structured,"optimistic, confident, patient","Accountability, Respect, Innovation",6,"SQL, Power BI, Excel",No,https://github.com/vivaanpatel716,Student,Data Analyst,3-5 LPA,Analytics,No Experience,"Data Analyst Business Analytics, Pandas, Excel, Tableau, Power BI, Python Improve organizational decision making Experienced in business analytics, reporting, and dashboard development using modern analytical tools and visualization platforms. I value accuracy, teamwork, and continuous learning. Outside work, I enjoy reading, chess, and improving my analytical skills. Travel, Drawing, Gaming optimistic, confident, patient Accountability, Respect, Innovation SQL, Power BI, Excel Analytics",data analyst business analytics pandas excel tableau power bi python improve organizational decision making experienced in business analytics reporting and dashboard development using modern analytical tools and visualization platforms i value accuracy teamwork and continuous learning outside work i enjoy reading chess and improving my analytical skills travel drawing gaming optimistic confident patient accountability respect innovation sql power bi excel analytics
U100,Aditya Ghosh,35,Female,Kolkata,West Bengal,Product Manager,2,Bachelor of Computer Applications,Product Manager,On-site,Small (2-5 members),Research Papers,"English, Kannada",Udemy Professional Course,Available within 15 days,Product Management,"Decision Making, JIRA, User Research, Roadmapping, Product Strategy",Build successful digital products,ENTJ,"Results-oriented Product Manager specializing in product lifecycle management, stakeholder communication, and business growth.","Outside work, I enjoy exploring startup ecosystems, reading about product strategy, and learning emerging technologies.","Travel, Cooking, Photography",analytical,"focused, innovative, analytical, curious","Integrity, Innovation",3,"Product Analytics, SQL",Yes,https://github.com/adityaghosh518,Entry Level,Product Manager,5-10 LPA,Product Management,Less than 1 Year,"Product Manager Decision Making, JIRA, User Research, Roadmapping, Product Strategy Build successful digital products Results-oriented Product Manager specializing in product lifecycle management, stakeholder communication, and business growth. Outside work, I enjoy exploring startup ecosystems, reading about product strategy, and learning emerging technologies. Travel, Cooking, Photography focused, innovative, analytical, curious Integrity, Innovation Product Analytics, SQL Product Management",product manager decision making jira user research roadmapping product strategy build successful digital products results oriented product manager specializing in product lifecycle management stakeholder communication and business growth outside work i enjoy exploring startup ecosystems reading about product strategy and learning emerging technologies travel cooking photography focused innovative analytical curious integrity innovation product analytics sql product management
